"AR","AT","AU","BE","CA","CH","CL","DE","DK","ES","FI","FR","UK","HK","HU","ID","IE","IN","IT","JP","KR","MX","MY","NL","NO","NZ","PT","SE","SG","TH","US","ZA","date"
NA,NA,NA,NA,NA,NA,NA,NA,NA,NA,NA,NA,NA,NA,NA,NA,NA,NA,NA,NA,NA,NA,NA,NA,NA,NA,NA,NA,NA,NA,NA,NA,1947-10-01
NA,NA,NA,NA,NA,NA,NA,NA,NA,NA,NA,NA,NA,NA,NA,NA,NA,NA,NA,NA,NA,NA,NA,NA,NA,NA,NA,NA,NA,NA,NA,NA,1948-01-01
NA,NA,NA,NA,NA,NA,NA,NA,NA,NA,NA,NA,NA,NA,NA,NA,NA,NA,NA,NA,NA,NA,NA,NA,NA,NA,NA,NA,NA,NA,NA,NA,1948-04-01
NA,NA,NA,NA,NA,NA,NA,NA,NA,NA,NA,NA,NA,NA,NA,NA,NA,NA,NA,NA,NA,NA,NA,NA,NA,NA,NA,NA,NA,NA,NA,NA,1948-07-01
NA,NA,NA,NA,NA,NA,NA,NA,NA,NA,NA,NA,NA,NA,NA,NA,NA,NA,NA,NA,NA,NA,NA,NA,NA,NA,NA,NA,NA,NA,NA,NA,1948-10-01
NA,NA,NA,NA,NA,NA,NA,NA,NA,NA,NA,NA,NA,NA,NA,NA,NA,NA,NA,NA,NA,NA,NA,NA,NA,NA,NA,NA,NA,NA,NA,NA,1949-01-01
NA,NA,NA,NA,NA,NA,NA,NA,NA,NA,NA,NA,NA,NA,NA,NA,NA,NA,NA,NA,NA,NA,NA,NA,NA,NA,NA,NA,NA,NA,NA,NA,1949-04-01
NA,NA,NA,NA,NA,NA,NA,NA,NA,NA,NA,NA,NA,NA,NA,NA,NA,NA,NA,NA,NA,NA,NA,NA,NA,NA,NA,NA,NA,NA,NA,NA,1949-07-01
NA,NA,NA,NA,NA,NA,NA,NA,NA,NA,NA,NA,NA,NA,NA,NA,NA,NA,NA,NA,NA,NA,NA,NA,NA,NA,NA,NA,NA,NA,NA,NA,1949-10-01
NA,NA,NA,NA,NA,NA,NA,NA,NA,NA,NA,NA,NA,NA,NA,NA,NA,NA,NA,NA,NA,NA,NA,NA,NA,NA,NA,NA,NA,NA,NA,NA,1950-01-01
NA,NA,NA,NA,NA,NA,NA,NA,NA,NA,NA,NA,NA,NA,NA,NA,NA,NA,NA,NA,NA,NA,NA,NA,NA,NA,NA,NA,NA,NA,NA,NA,1950-04-01
NA,NA,NA,NA,NA,NA,NA,NA,NA,NA,NA,NA,NA,NA,NA,NA,NA,NA,NA,NA,NA,NA,NA,NA,NA,NA,NA,NA,NA,NA,NA,NA,1950-07-01
NA,NA,NA,NA,NA,NA,NA,NA,NA,NA,NA,NA,NA,NA,NA,NA,NA,NA,NA,NA,NA,NA,NA,NA,NA,NA,NA,NA,NA,NA,NA,NA,1950-10-01
NA,NA,NA,NA,NA,NA,NA,NA,NA,NA,NA,NA,NA,NA,NA,NA,NA,NA,NA,NA,NA,NA,NA,NA,NA,NA,NA,NA,NA,NA,NA,NA,1951-01-01
NA,NA,NA,NA,NA,NA,NA,NA,NA,NA,NA,NA,NA,NA,NA,NA,NA,NA,NA,NA,NA,NA,NA,NA,NA,NA,NA,NA,NA,NA,NA,NA,1951-04-01
NA,NA,NA,NA,NA,NA,NA,NA,NA,NA,NA,NA,NA,NA,NA,NA,NA,NA,NA,NA,NA,NA,NA,NA,NA,NA,NA,NA,NA,NA,NA,NA,1951-07-01
NA,NA,NA,NA,NA,NA,NA,NA,NA,NA,NA,NA,NA,NA,NA,NA,NA,NA,NA,NA,NA,NA,NA,NA,NA,NA,NA,NA,NA,NA,NA,NA,1951-10-01
NA,NA,NA,NA,NA,NA,NA,NA,NA,NA,NA,NA,NA,NA,NA,NA,NA,NA,NA,NA,NA,NA,NA,NA,NA,NA,NA,NA,NA,NA,NA,NA,1952-01-01
NA,NA,NA,NA,NA,NA,NA,NA,NA,NA,NA,NA,NA,NA,NA,NA,NA,NA,NA,NA,NA,NA,NA,NA,NA,NA,NA,NA,NA,NA,NA,NA,1952-04-01
NA,NA,NA,NA,NA,NA,NA,NA,NA,NA,NA,NA,NA,NA,NA,NA,NA,NA,NA,NA,NA,NA,NA,NA,NA,NA,NA,NA,NA,NA,NA,NA,1952-07-01
NA,NA,NA,NA,NA,NA,NA,NA,NA,NA,NA,NA,NA,NA,NA,NA,NA,NA,NA,NA,NA,NA,NA,NA,NA,NA,NA,NA,NA,NA,NA,NA,1952-10-01
NA,NA,NA,NA,NA,NA,NA,NA,NA,NA,NA,NA,NA,NA,NA,NA,NA,NA,NA,NA,NA,NA,NA,NA,NA,NA,NA,NA,NA,NA,NA,NA,1953-01-01
NA,NA,NA,NA,NA,NA,NA,NA,NA,NA,NA,NA,NA,NA,NA,NA,NA,NA,NA,NA,NA,NA,NA,NA,NA,NA,NA,NA,NA,NA,NA,NA,1953-04-01
NA,NA,NA,NA,NA,NA,NA,NA,NA,NA,NA,NA,NA,NA,NA,NA,NA,NA,NA,NA,NA,NA,NA,NA,NA,NA,NA,NA,NA,NA,NA,NA,1953-07-01
NA,NA,NA,NA,NA,NA,NA,NA,NA,NA,NA,NA,NA,NA,NA,NA,NA,NA,NA,NA,NA,NA,NA,NA,NA,NA,NA,NA,NA,NA,NA,NA,1953-10-01
NA,NA,NA,NA,NA,NA,NA,NA,NA,NA,NA,NA,NA,NA,NA,NA,NA,NA,NA,NA,NA,NA,NA,NA,NA,NA,NA,NA,NA,NA,NA,NA,1954-01-01
NA,NA,NA,NA,NA,NA,NA,NA,NA,NA,NA,NA,NA,NA,NA,NA,NA,NA,NA,NA,NA,NA,NA,NA,NA,NA,NA,NA,NA,NA,NA,NA,1954-04-01
NA,NA,NA,NA,NA,NA,NA,NA,NA,NA,NA,NA,NA,NA,NA,NA,NA,NA,NA,NA,NA,NA,NA,NA,NA,NA,NA,NA,NA,NA,NA,NA,1954-07-01
NA,NA,NA,NA,NA,NA,NA,NA,NA,NA,NA,NA,NA,NA,NA,NA,NA,NA,NA,NA,NA,NA,NA,NA,NA,NA,NA,NA,NA,NA,NA,NA,1954-10-01
NA,NA,NA,NA,NA,NA,NA,NA,NA,NA,NA,NA,NA,NA,NA,NA,NA,NA,NA,NA,NA,NA,NA,NA,NA,NA,NA,NA,NA,NA,NA,NA,1955-01-01
NA,NA,NA,NA,NA,NA,NA,NA,NA,NA,NA,NA,NA,NA,NA,NA,NA,NA,NA,NA,NA,NA,NA,NA,NA,NA,NA,NA,NA,NA,NA,NA,1955-04-01
NA,NA,NA,NA,NA,NA,NA,NA,NA,NA,NA,NA,NA,NA,NA,NA,NA,NA,NA,NA,NA,NA,NA,NA,NA,NA,NA,NA,NA,NA,NA,NA,1955-07-01
NA,NA,NA,NA,NA,NA,NA,NA,NA,NA,NA,NA,NA,NA,NA,NA,NA,NA,NA,NA,NA,NA,NA,NA,NA,NA,NA,NA,NA,NA,NA,NA,1955-10-01
NA,NA,NA,NA,NA,NA,NA,NA,NA,NA,NA,NA,NA,NA,NA,NA,NA,NA,NA,NA,NA,NA,NA,NA,NA,NA,NA,NA,NA,NA,NA,NA,1956-01-01
NA,NA,NA,NA,NA,NA,NA,NA,NA,NA,NA,NA,NA,NA,NA,NA,NA,NA,NA,NA,NA,NA,NA,NA,NA,NA,NA,NA,NA,NA,NA,NA,1956-04-01
NA,NA,NA,NA,NA,NA,NA,NA,NA,NA,NA,NA,NA,NA,NA,NA,NA,NA,NA,NA,NA,NA,NA,NA,NA,NA,NA,NA,NA,NA,NA,NA,1956-07-01
NA,NA,NA,NA,NA,NA,NA,NA,NA,NA,NA,NA,NA,NA,NA,NA,NA,NA,NA,NA,NA,NA,NA,NA,NA,NA,NA,NA,NA,NA,NA,NA,1956-10-01
NA,NA,NA,NA,NA,NA,NA,NA,NA,NA,NA,NA,NA,NA,NA,NA,NA,NA,NA,NA,NA,NA,NA,NA,NA,NA,NA,NA,NA,NA,NA,NA,1957-01-01
NA,NA,NA,NA,NA,NA,NA,NA,NA,NA,NA,NA,NA,NA,NA,NA,NA,NA,NA,NA,NA,NA,NA,NA,NA,NA,NA,NA,NA,NA,NA,NA,1957-04-01
NA,NA,NA,NA,NA,NA,NA,NA,NA,NA,NA,NA,NA,NA,NA,NA,NA,NA,NA,NA,NA,NA,NA,NA,NA,NA,NA,NA,NA,NA,NA,NA,1957-07-01
NA,NA,NA,NA,NA,NA,NA,NA,NA,NA,NA,NA,NA,NA,NA,NA,NA,NA,NA,NA,NA,NA,NA,NA,NA,NA,NA,NA,NA,NA,"0.8",NA,1957-10-01
NA,NA,NA,NA,NA,NA,NA,NA,NA,NA,NA,NA,NA,NA,NA,NA,NA,NA,NA,NA,NA,NA,NA,NA,NA,NA,NA,NA,NA,NA,"0.5",NA,1958-01-01
NA,NA,NA,NA,NA,NA,NA,NA,NA,NA,NA,NA,NA,NA,NA,NA,NA,NA,NA,NA,NA,NA,NA,NA,NA,NA,NA,NA,NA,NA,"1.1",NA,1958-04-01
NA,NA,NA,NA,NA,NA,NA,NA,NA,NA,NA,NA,NA,NA,NA,NA,NA,NA,NA,NA,NA,NA,NA,NA,NA,NA,NA,NA,NA,NA,"1.3",NA,1958-07-01
NA,NA,NA,NA,NA,NA,NA,NA,NA,NA,NA,NA,NA,NA,NA,NA,NA,NA,NA,NA,NA,NA,NA,NA,NA,NA,NA,NA,NA,NA,"1.8",NA,1958-10-01
NA,NA,NA,NA,NA,NA,NA,NA,NA,NA,NA,NA,NA,NA,NA,NA,NA,NA,NA,NA,NA,NA,NA,NA,NA,NA,NA,NA,NA,NA,"0.5",NA,1959-01-01
NA,NA,NA,NA,NA,NA,NA,NA,NA,NA,NA,NA,NA,NA,NA,NA,NA,NA,NA,NA,NA,NA,NA,NA,NA,NA,NA,NA,NA,NA,"0.6",NA,1959-04-01
NA,NA,NA,NA,NA,NA,NA,NA,NA,NA,NA,NA,NA,NA,NA,NA,NA,NA,NA,NA,NA,NA,NA,NA,NA,NA,NA,NA,NA,NA,"0.3",NA,1959-07-01
NA,NA,NA,NA,NA,NA,NA,NA,NA,NA,NA,NA,NA,NA,NA,NA,NA,NA,NA,NA,NA,NA,NA,NA,NA,NA,NA,NA,NA,NA,"0.7",NA,1959-10-01
NA,NA,NA,NA,NA,NA,NA,NA,NA,NA,NA,NA,NA,NA,NA,NA,NA,NA,NA,NA,NA,NA,NA,NA,NA,NA,NA,NA,NA,NA,"-0.2",NA,1960-01-01
NA,NA,NA,NA,NA,NA,NA,NA,NA,NA,NA,NA,NA,NA,NA,NA,NA,NA,NA,NA,NA,NA,NA,NA,NA,NA,NA,NA,NA,NA,"0.6",NA,1960-04-01
NA,NA,NA,NA,NA,NA,NA,NA,NA,NA,NA,NA,NA,NA,NA,NA,NA,NA,NA,NA,NA,NA,NA,NA,NA,NA,NA,NA,NA,NA,"0.5",NA,1960-07-01
NA,NA,NA,NA,NA,NA,NA,NA,NA,NA,NA,NA,NA,NA,NA,NA,NA,NA,NA,NA,NA,NA,NA,NA,NA,NA,NA,NA,NA,NA,"1.2",NA,1960-10-01
NA,NA,NA,NA,NA,NA,NA,NA,NA,NA,NA,NA,NA,NA,NA,NA,NA,NA,NA,NA,NA,NA,NA,NA,NA,NA,NA,NA,NA,NA,"0.9",NA,1961-01-01
NA,NA,NA,NA,NA,NA,NA,NA,NA,NA,NA,NA,NA,NA,NA,NA,NA,"-1.3",NA,NA,NA,NA,NA,NA,NA,NA,NA,NA,NA,NA,"1.5",NA,1961-04-01
NA,NA,NA,NA,NA,NA,NA,NA,NA,NA,NA,NA,NA,NA,NA,NA,NA,"-1.9",NA,NA,NA,NA,NA,NA,NA,NA,NA,NA,NA,NA,"1.3",NA,1961-07-01
NA,NA,NA,NA,NA,NA,NA,NA,NA,NA,NA,NA,NA,NA,NA,NA,NA,"-1.5",NA,NA,NA,NA,NA,NA,NA,NA,NA,NA,NA,NA,"1.4",NA,1961-10-01
NA,NA,NA,NA,NA,NA,NA,NA,NA,NA,NA,NA,NA,NA,NA,NA,NA,"-0.5",NA,NA,NA,NA,NA,NA,NA,NA,NA,NA,NA,NA,"-0.2",NA,1962-01-01
NA,NA,NA,NA,NA,NA,NA,NA,NA,NA,NA,NA,NA,NA,NA,NA,NA,"-0.3",NA,NA,NA,NA,NA,NA,NA,NA,NA,NA,NA,NA,"-0.1",NA,1962-04-01
NA,NA,NA,NA,NA,NA,NA,NA,NA,NA,NA,NA,NA,NA,NA,NA,NA,"-1",NA,NA,NA,NA,NA,NA,NA,NA,NA,NA,NA,NA,"-0.5",NA,1962-07-01
NA,NA,NA,NA,NA,NA,NA,NA,NA,NA,NA,NA,NA,NA,NA,NA,NA,"-1",NA,NA,NA,NA,NA,NA,NA,NA,NA,NA,NA,NA,"0.2",NA,1962-10-01
NA,NA,NA,NA,NA,NA,NA,NA,NA,NA,NA,NA,NA,NA,NA,NA,NA,"-0.9",NA,NA,NA,NA,NA,NA,NA,NA,NA,NA,NA,NA,"-0.3",NA,1963-01-01
NA,NA,NA,NA,NA,NA,NA,NA,NA,NA,NA,NA,NA,NA,NA,NA,NA,"-1",NA,NA,NA,NA,NA,NA,NA,NA,NA,NA,NA,NA,"0.5",NA,1963-04-01
NA,NA,NA,NA,NA,NA,NA,NA,NA,NA,NA,NA,NA,NA,NA,NA,NA,"-1.7",NA,NA,NA,NA,NA,NA,NA,NA,NA,NA,NA,NA,"0.4",NA,1963-07-01
NA,NA,NA,NA,NA,NA,NA,NA,NA,NA,NA,NA,NA,NA,NA,NA,NA,"-1.7",NA,NA,NA,NA,NA,NA,NA,NA,NA,NA,NA,NA,"0.9",NA,1963-10-01
NA,NA,NA,NA,NA,NA,NA,NA,NA,NA,NA,NA,NA,NA,NA,NA,NA,"-1.8",NA,NA,NA,NA,NA,NA,NA,NA,NA,NA,NA,NA,"-0.1",NA,1964-01-01
NA,NA,NA,NA,NA,NA,NA,NA,NA,NA,NA,NA,NA,NA,NA,NA,NA,"-2",NA,NA,NA,NA,NA,NA,NA,NA,NA,NA,NA,NA,"0.2",NA,1964-04-01
NA,NA,NA,NA,NA,NA,NA,NA,NA,NA,NA,NA,NA,NA,NA,NA,NA,"-2.7",NA,NA,NA,NA,NA,NA,NA,NA,NA,NA,NA,NA,"-0.3",NA,1964-07-01
NA,NA,NA,NA,NA,NA,NA,NA,NA,NA,NA,NA,NA,NA,NA,NA,NA,"-2.5",NA,NA,NA,NA,NA,NA,NA,NA,NA,NA,NA,NA,"0.2",NA,1964-10-01
NA,NA,NA,NA,NA,NA,NA,NA,NA,NA,NA,NA,NA,NA,NA,NA,NA,"-2.1",NA,NA,NA,NA,NA,NA,NA,NA,NA,NA,NA,NA,"-0.5",NA,1965-01-01
NA,NA,NA,NA,NA,NA,NA,NA,NA,NA,NA,NA,NA,NA,NA,NA,NA,"-1.5",NA,NA,NA,NA,NA,NA,NA,NA,NA,NA,NA,NA,"0",NA,1965-04-01
NA,NA,NA,NA,NA,NA,NA,NA,NA,NA,NA,NA,NA,NA,NA,NA,NA,"-1.7",NA,NA,NA,NA,NA,NA,NA,NA,NA,NA,NA,NA,"-0.6",NA,1965-07-01
NA,NA,NA,NA,"4.4",NA,NA,NA,NA,NA,NA,NA,NA,NA,NA,NA,NA,"-1.1",NA,NA,NA,NA,NA,NA,NA,NA,NA,NA,NA,NA,"-0.9",NA,1965-10-01
NA,NA,NA,NA,"0.8",NA,NA,NA,NA,NA,NA,NA,NA,NA,NA,NA,NA,"-0.7",NA,NA,NA,NA,NA,NA,NA,NA,NA,NA,NA,NA,"-2.1",NA,1966-01-01
NA,NA,NA,NA,"0.5",NA,NA,NA,NA,NA,NA,NA,NA,NA,NA,NA,NA,"-0.5",NA,NA,NA,NA,NA,NA,NA,NA,NA,NA,NA,NA,"-1.9",NA,1966-04-01
NA,NA,NA,NA,"-0.8",NA,NA,NA,NA,NA,NA,NA,NA,NA,NA,NA,NA,"-1.4",NA,NA,NA,NA,NA,NA,NA,NA,NA,NA,NA,NA,"-3",NA,1966-07-01
NA,NA,NA,NA,"-1",NA,NA,NA,NA,NA,NA,NA,NA,NA,NA,NA,NA,"-1.2",NA,NA,NA,NA,NA,NA,NA,NA,NA,NA,NA,NA,"-3.2",NA,1966-10-01
NA,NA,NA,NA,"-1.3",NA,NA,NA,NA,NA,NA,NA,NA,NA,NA,NA,NA,"-1.3",NA,NA,NA,NA,NA,NA,NA,NA,NA,NA,NA,NA,"-4",NA,1967-01-01
NA,NA,NA,NA,"-1.2",NA,NA,NA,NA,NA,NA,NA,NA,NA,NA,NA,NA,"-1.8",NA,NA,NA,NA,NA,NA,NA,NA,NA,NA,NA,NA,"-3.3",NA,1967-04-01
NA,NA,NA,NA,"0.5",NA,NA,NA,NA,NA,NA,NA,NA,NA,NA,NA,NA,"-2.5",NA,NA,NA,NA,NA,NA,NA,NA,NA,NA,NA,NA,"-3.5",NA,1967-07-01
NA,NA,NA,NA,"2.8",NA,NA,NA,NA,NA,NA,NA,NA,NA,NA,NA,NA,"-2.2",NA,NA,NA,NA,NA,NA,NA,NA,NA,NA,NA,NA,"-1.7",NA,1967-10-01
NA,NA,NA,NA,"2.6",NA,NA,NA,NA,NA,NA,NA,NA,NA,NA,NA,NA,"-1.7",NA,NA,NA,NA,NA,NA,NA,NA,NA,NA,NA,NA,"-3.6",NA,1968-01-01
NA,NA,NA,NA,"3.2",NA,NA,NA,NA,NA,NA,NA,NA,NA,NA,NA,NA,"-1.2",NA,NA,NA,NA,NA,NA,NA,NA,NA,NA,NA,NA,"-3.3",NA,1968-04-01
NA,NA,NA,NA,"3.2",NA,NA,NA,NA,NA,NA,NA,NA,NA,NA,NA,NA,"-1.5",NA,NA,NA,NA,NA,NA,NA,NA,NA,NA,NA,NA,"-4.1",NA,1968-07-01
NA,NA,NA,NA,"4.7",NA,NA,NA,NA,NA,NA,NA,NA,NA,NA,NA,NA,"-1.1",NA,NA,NA,NA,NA,NA,NA,NA,NA,NA,NA,NA,"-3.6",NA,1968-10-01
NA,NA,NA,NA,"-1",NA,NA,NA,NA,NA,NA,NA,NA,NA,NA,NA,NA,"-0.3",NA,NA,NA,NA,NA,NA,NA,NA,NA,NA,NA,NA,"-4.9",NA,1969-01-01
NA,NA,NA,NA,"0.3",NA,NA,NA,NA,NA,NA,NA,NA,NA,NA,NA,NA,"0.2",NA,NA,NA,NA,NA,NA,NA,NA,NA,NA,NA,NA,"-4.1",NA,1969-04-01
NA,NA,NA,NA,"0.4",NA,NA,NA,NA,NA,NA,NA,NA,NA,NA,NA,NA,"-0.7",NA,NA,NA,NA,NA,NA,NA,NA,NA,NA,NA,NA,"-4.5",NA,1969-07-01
NA,NA,NA,NA,"0.5",NA,NA,NA,NA,NA,NA,NA,NA,NA,NA,NA,NA,"-0.3",NA,NA,NA,NA,NA,NA,NA,NA,NA,NA,NA,NA,"-4",NA,1969-10-01
NA,NA,NA,NA,"-1.1",NA,NA,NA,NA,NA,NA,NA,NA,NA,NA,NA,NA,"0.3",NA,NA,NA,NA,NA,NA,NA,NA,NA,NA,NA,NA,"-5",NA,1970-01-01
NA,NA,"-2.4",NA,"-1.4",NA,NA,NA,NA,NA,NA,NA,NA,NA,NA,NA,NA,"1.1",NA,NA,NA,NA,NA,NA,NA,NA,NA,NA,NA,NA,"-4.2",NA,1970-04-01
NA,NA,"-2.5",NA,"-1",NA,NA,NA,NA,NA,NA,NA,NA,NA,NA,NA,NA,"1",NA,NA,NA,NA,NA,NA,NA,NA,NA,NA,NA,NA,"-4",NA,1970-07-01
NA,"0.6","-2.5",NA,"-0.5","1.9",NA,"-1.9",NA,NA,NA,NA,NA,NA,NA,NA,NA,"1.8","-2.5",NA,NA,NA,NA,NA,"-0.2","0.4","2.1",NA,NA,NA,"-3.5",NA,1970-10-01
NA,"0","-2.7",NA,"-0.3","0.1",NA,"-3.5",NA,NA,NA,NA,NA,NA,NA,NA,NA,"2.7","-2.2",NA,NA,NA,NA,"-1.2","-0.3","3.2","0.3","-9.1",NA,NA,"-4.3",NA,1971-01-01
NA,"1","-2.6",NA,"0.7","-0.8",NA,"-3.3",NA,NA,NA,NA,NA,NA,NA,NA,NA,"2.1","-1.4",NA,NA,NA,NA,"-1.8","-0.2","0.9","1.6","-7.8",NA,NA,"-3.6",NA,1971-04-01
NA,"0.6","-3",NA,"1.5","-3.7",NA,"-2.7",NA,NA,NA,NA,NA,NA,NA,NA,NA,"1.9","-0.6",NA,NA,NA,NA,"-1.7","0","-0.6","2.6","-8.2",NA,NA,"-3.6",NA,1971-07-01
NA,"1.9","-3.2",NA,"2","-3.6",NA,"-1.3",NA,NA,NA,NA,NA,NA,NA,NA,NA,"2.8","0",NA,NA,NA,NA,"-1.1","0.2","-1.7","7.4","-7.2",NA,NA,"-3.4",NA,1971-10-01
NA,"1.4","-2.8",NA,"1.8","-5.8",NA,"-1.8",NA,NA,NA,NA,NA,NA,NA,NA,NA,"3","0.3",NA,NA,NA,NA,"-1.7","0.9","0.2","8.6","-5.9",NA,NA,"-3.7",NA,1972-01-01
NA,"1.8","-2.7",NA,"2.5","-5.5",NA,"-0.9",NA,NA,NA,NA,NA,NA,NA,NA,NA,"3.3","0.7",NA,NA,NA,NA,"-0.5","1.3","-2.5","9.2","-4.4",NA,NA,"-2.8",NA,1972-04-01
NA,"1.7","-2.3",NA,"3.1","-6.5",NA,"-1.1",NA,NA,NA,NA,NA,NA,NA,NA,NA,"2.2","1.2",NA,NA,NA,NA,"-0.5","1.6","-1.7","9.4","-4.3",NA,NA,"-2.9",NA,1972-07-01
NA,"2.3","-2.4",NA,"3.7","-5.5",NA,"0.4",NA,NA,NA,NA,NA,NA,NA,NA,NA,"2.9","1.4",NA,"-3.8",NA,NA,"-0.4","1.6","-1.1","11","-5.2",NA,NA,"-2.5",NA,1972-10-01
NA,"0.6","-0.6",NA,"3.5","-8",NA,"0",NA,NA,NA,NA,"2.8",NA,NA,NA,NA,"3.8","1.7",NA,"-4.4",NA,NA,"0.5","1.7","1.6","11.9","-4.6",NA,NA,"-2.7",NA,1973-01-01
NA,"0","0.8",NA,"4.2","-8.9",NA,"-0.1",NA,NA,NA,NA,"4.3",NA,NA,NA,NA,"3","0.5",NA,"-4.3",NA,NA,"1.6","1.5","2.7","8.6","-4.2",NA,NA,"-2.1",NA,1973-04-01
NA,"-0.9","1.2",NA,"3.7","-8.6",NA,"-0.6",NA,NA,NA,NA,"3.5",NA,NA,NA,NA,"1.6","-1.5",NA,"-4.7",NA,NA,"3.9","1","3.5","8.5","-4.2",NA,NA,"-1.9",NA,1973-07-01
NA,"-0.8","1",NA,"3.7","-7",NA,"-0.5",NA,NA,NA,NA,"1.2",NA,NA,NA,NA,"2.8","-3.4",NA,"-5.2",NA,NA,"4.6","0.4","3","13.5","-4.1",NA,NA,"-2.2",NA,1973-10-01
NA,"-1.8","1.9",NA,"3.1","-8",NA,"-1.3",NA,NA,NA,NA,"2",NA,NA,NA,NA,"2.5","-4.9",NA,"-6.1",NA,NA,"4.3","-0.2","6.5","9.6","-2.9",NA,NA,"-2.5",NA,1974-01-01
NA,"-2.3","2.9",NA,"3.7","-8.8",NA,"-1.2",NA,NA,NA,NA,"1.6",NA,NA,NA,NA,"2.3","-6.2",NA,"-6.1",NA,"2.6","5","-0.9","6.1","5.1","-1.4",NA,NA,"-1.3",NA,1974-04-01
NA,"-2.8","3.6",NA,"3.2","-8.7",NA,"-1.6",NA,NA,NA,NA,"0.6",NA,NA,NA,NA,"1","-7.6",NA,"-4.6",NA,"1.9","5.4","-1.6","5.3","3.3","-3.2",NA,NA,"-1.2",NA,1974-07-01
NA,"-1.8","4.2",NA,"3.1","-11.2",NA,"-1.4",NA,NA,NA,NA,"-2.1",NA,NA,NA,NA,"1.3","-8.6","-3.9","-5.4",NA,"-0.4","5.2","-2.3","4","5.5","-5.1",NA,NA,"-1.3",NA,1974-10-01
NA,"-2","3.6",NA,"3.2","-9.2",NA,"-2.4",NA,NA,NA,NA,"-3.7",NA,NA,NA,NA,"2.5","-8.6","-5.2","-9.5",NA,"0","4.1","1","5.4","3.1","-6.3",NA,NA,"-2.9","0.8",1975-01-01
NA,"-0.8","2.7",NA,"3.9","-5.9",NA,"-2.2",NA,NA,NA,NA,"-3.7",NA,NA,NA,NA,"2.5","-8.2","-5.2","-10.8",NA,"-0.6","3.4","2.5","3.8","3.3","-6.8",NA,NA,"-3.3","-0.1",1975-04-01
NA,"-0.8","2.2",NA,"3.9","-4.1",NA,"-2.3",NA,NA,NA,NA,"-6.1",NA,NA,NA,NA,"2.5","-7.5","-3.5","-11.2",NA,"-0.3","2.9","2.4","3.9","1.8","-9.1",NA,NA,"-4","-0.1",1975-07-01
NA,"0.1","1.7",NA,"3.8","1.6",NA,"-0.8",NA,NA,NA,NA,"-4.5",NA,NA,NA,NA,"4","-7.2","-0.7","-12.5",NA,"1.1","2.9","4.1","3.3","2.9","-9.2",NA,NA,"-4.4","-0.8",1975-10-01
NA,"-0.2","1.2",NA,"3.1","1.6",NA,"-2.5",NA,NA,NA,NA,"-4.4",NA,NA,NA,NA,"5.7","-7.6","-1.5","-13.1",NA,"2.1","2.2","5.3","3.3","-1.2","-9.2",NA,NA,"-6","-1",1976-01-01
NA,"0.6","0.7",NA,"2.5","3.4",NA,"-2.5",NA,NA,NA,NA,"-4.5",NA,NA,NA,NA,"5.7","-11","-2.6","-14.8",NA,"2.2","3.8","6.6","0.7","-3.4","-6.6",NA,NA,"-6","-1.8",1976-04-01
NA,"1.1","0.1",NA,"2.4","3.2",NA,"-2.9",NA,NA,NA,NA,"-4.1",NA,NA,NA,NA,"6","-12.1","-2.6","-14",NA,"2.5","4","7.1","1.7","-5.9","-6.2",NA,NA,"-6.1","-1.8",1976-07-01
NA,"3.7","-0.3",NA,"2.8","7.5",NA,"-2.1","-5.2",NA,NA,NA,"-3",NA,NA,NA,NA,"8","-12.7","-1.4","-14.4",NA,"1.4","3.9","7.5","1.8","1.3","-9",NA,NA,"-5.5","-1.2",1976-10-01
NA,"2.1","-1.2",NA,"3.7","5.8",NA,"-3.5","-5.1",NA,NA,NA,"-4.7",NA,NA,NA,NA,"7.2","-13.6","-3.1","-14.5",NA,"1.3","4.1","9.2","4.1","-3.5","-8.3",NA,NA,"-5.4","-2",1977-01-01
NA,"3.1","-1.8",NA,"5","7.4",NA,"-2.9","-5",NA,NA,NA,"-4.2",NA,NA,NA,NA,"5.9","-14.6","-4.8","-13.7",NA,"0.5","5.5","10.7","2.6","-8.4","-5.7",NA,NA,"-4.3","-1.8",1977-04-01
NA,"2.8","-2.1",NA,"5.6","7.3",NA,"-2.9","-5.7",NA,NA,NA,"-4.5",NA,NA,NA,NA,"5.2","-14.8","-4.6","-12",NA,"0.5","6.1","11.2","2.6","-8.8","-5.4",NA,NA,"-4.1","-2.2",1977-07-01
NA,"3.4","-2.1",NA,"5.7","12.6",NA,"-1.7","-6.1",NA,NA,NA,"-4",NA,NA,NA,NA,"6","-13.5","-3.9","-12.7",NA,"0","8.9","13.2","1.4","-4.5","-4.9",NA,NA,"-3.3","-3.3",1977-10-01
NA,"2.9","-1.7",NA,"6.1","9.3",NA,"-3.5","-6.6",NA,NA,NA,"-3.9",NA,NA,NA,NA,"5.3","-16.7","-5.4","-10.7",NA,"0.4","10.1","13.2","3.6","-7.8","-4.4",NA,NA,"-3.4","-3.3",1978-01-01
NA,"3.7","-0.1",NA,"6.3","10.3",NA,"-2.9","-7.3",NA,NA,NA,"-3.2",NA,NA,NA,NA,"5.6","-18.5","-7","-8.8",NA,"0.1","12.1","12.8","4.2","-6.7","-3.6",NA,NA,"-2.5","-1.8",1978-04-01
NA,"4.5","-0.4",NA,"6.6","9.8",NA,"-3.1","-7.3",NA,NA,NA,"-3.7",NA,NA,NA,NA,"5.2","-18","-6.9","-8.8",NA,"0.7","12.9","11.9","4.2","-8.1","-4.3",NA,NA,"-2.3","-1.7",1978-07-01
NA,"6.1","0",NA,"6.9","14.6",NA,"-1.6","-7.3",NA,NA,NA,"-3.5",NA,NA,NA,NA,"7.8","-15.6","-5.1","-8.3",NA,"1.8","15.2","10.9","4.6","-7.8","-3.8",NA,NA,"-2.4","-2",1978-10-01
NA,"5.1","-0.9",NA,"7.6","11.6",NA,"-2.3","-7.6",NA,NA,NA,"-2.6",NA,NA,NA,NA,"7.1","-16.6","-6.5","-7.8",NA,"2.5","16","9.8","4.2","-10.7","-3.4",NA,NA,"-3.2","-2.8",1979-01-01
NA,"5.9","0.6",NA,"8.1","12.6",NA,"-1.6","-7.4",NA,NA,NA,"-1.9",NA,NA,NA,NA,"7.5","-17.4","-7.1","-7.4",NA,"3.5","16.3","8.3","5.3","-10.6","-2.2",NA,NA,"-2","-2.8",1979-04-01
NA,"5.8","0.7",NA,"8.2","11.1",NA,"-2.1","-7",NA,NA,NA,"-2.2",NA,NA,NA,NA,"7.5","-17.3","-5.4","-4.5",NA,"2.4","15.7","5.7","5.1","-12.3","-2.5",NA,NA,"-1.3","-2.1",1979-07-01
NA,"7.2","0.4",NA,"7.5","13.4",NA,"-1","-7.3",NA,NA,"-3","-2.6",NA,NA,NA,NA,"8.3","-14.6","-2.9","-2.8",NA,"2.6","17.4","4.3","4.8","-11.1","-3.1",NA,NA,"-1","-2.8",1979-10-01
NA,"6.2","0.8",NA,"7","12.5",NA,"-2.5","-8.1","-6.5",NA,"-4.4","-1.2",NA,NA,NA,NA,"7.7","-15.9","-2.7","3.3",NA,"5.1","15.4","0.7","5.1","-11","-3.2",NA,NA,"-1.1","-4",1980-01-01
NA,"6.8","2.3",NA,"7.3","12.9",NA,"-1.5","-8","-5.8",NA,"-2.8","-0.8",NA,NA,NA,NA,"5.7","-14.8","-2.9","4.8",NA,"6.8","14.6","-1.3","3.1","-12.3","-3",NA,NA,"-1.7","-4.8",1980-04-01
NA,"7.1","1.7",NA,"6.6","11.5",NA,"-1.4","-7.2","-5.2",NA,"-3.1","-1.1",NA,NA,NA,NA,"3.9","-16.1","-3","7",NA,"5.7","13.5","-1.1","3.3","-12.9","-4.2",NA,NA,"-1.3","-4.5",1980-07-01
NA,"7","1.6","-4.8","6.7","14",NA,"1.4","-6.3","-3.6","0.1","-1.6","-1",NA,"-0.2",NA,NA,"5.1","-11.7","-2.3","8.5",NA,"6.6","13.8","-1.9","4.6","-8.5","-6","7.7","-6","-1","-3.3",1980-10-01
NA,"6.7","1.6","-4.7","6.5","12.2",NA,"1.8","-5.2","-3.2","-0.3","-1.4","-1",NA,"-0.7",NA,NA,"5.2","-11.4","-3.2","8",NA,"7.2","12","-0.9","5.7","-6.2","-5.3","7.6","-3.1","-2.5","0.5",1981-01-01
NA,"7","3.1","-4.7","7.3","13.8",NA,"2.6","-3.9","-2","0","-1.7","-1",NA,"-1.1",NA,"6.3","4.1","-11.3","-4.4","8.6",NA,"7.7","11.5","-3","7.3","-2.3","-4.4","9.5","-3.5","-2.5","2",1981-04-01
NA,"6.2","2.8","-5.2","7.5","11.3",NA,"2.6","-5.7","-1.2","0.8","-1.9","0.6",NA,"-1.6",NA,"6.7","3.1","-11.5","-2.9","8.4",NA,"7.8","9.4","-4.5","7.8","-1.8","-3.4","12.4","-5.1","-3.2","2.7",1981-07-01
NA,"6.5","2.6","-2","5.5","7.2",NA,"3.1","-7.3","1.1","1.3","-1.3","3.1",NA,"-2.2",NA,"6.8","4.4","-8.9","0.1","9.7",NA,"8.8","8.3","-4.4","8.9","-0.2","-2.6","12","-5.8","-3.4","2.9",1981-10-01
NA,"4.9","3.2","-3","4.7","0.9",NA,"1.6","-8.4","0.3","2.4","-2.5","3.4",NA,"-2.5",NA,"5.8","4","-10.7","0.1","9.6",NA,"8.3","6.8","-3","7.2","0.7","-1.3","9.6","-2.7","-3.1","3.9",1982-01-01
NA,"4","3.9","-4.3","3.6","0",NA,"2","-9.3","0.6","3.3","-2.8","5.2",NA,"-2.6",NA,"3.8","3","-11.2","-0.4","8.2",NA,"8.4","4.2","-0.2","9.6","2.9","-0.3","7","-3.3","-2.3","4.2",1982-04-01
NA,"2.7","4.3","-6.6","1.9","3.3",NA,"2.5","-11.2","0.5","4.2","-3.2","5.7",NA,"-2.6",NA,"6","2.5","-10.6","1.5","9.9",NA,"7.1","3.5","1.4","6.5","2.7","0.5","9.6","-4.3","-1.8","4.9",1982-07-01
NA,"2","4.3","-3.3","-0.7","4.7",NA,"3.7","-12.7","1.4","3.6","-0.9","6.8",NA,"-2.6",NA,"0.6","5.3","-7.8","3.8","14.5",NA,"8.9","2","2.6","6.8","4.4","1","13.2","-2.9","-1.3","5.1",1982-10-01
NA,"-0.7","5.6","-4.5","-2.6","3.6",NA,"1.6","-13.4","0.7","4","-1.2","7.3",NA,"-1.5",NA,"-0.4","4.3","-8.6","5","14.2",NA,"10.5","2.5","3.1","5.7","3.4","1.1","11.6","-0.1","-1.7","4.8",1983-01-01
NA,"-1.2","6.7","-5.4","-4.7","5.4",NA,"2.1","-12.3","0.4","3.7","-0.6","7.8",NA,"-1.5",NA,"-0.2","2.8","-9.1","4.2","14",NA,"9.4","0.5","3.2","6.1","5.3","1","12.7","1.4","-1.1","3.4",1983-04-01
NA,"-2.2","5.3","-5.8","-6.9","5.3",NA,"1.9","-11.9","-0.8","4","-1.1","7.7",NA,"-1.5",NA,"-0.5","1.7","-9.5","5.3","11.1",NA,"10","-0.9","2.2","6.7","3.2","0.7","10.4","3.7","-0.8","4.5",1983-07-01
NA,"-2.3","5","-4.9","-9","6.5",NA,"2.4","-9.9","0.1","2.5","0.8","7.8",NA,"-2.5",NA,"2.2","3.3","-6.4","7.2","10.6",NA,"11.4","-1","2.8","15.6","9.1","0.3","14.7","7.9","-0.5","3.7",1983-10-01
NA,"-4.9","3.7","-6.6","-9.6","3.5",NA,"0.4","-8.8","-2.5","1.7","0.1","9.4",NA,"-1.3",NA,"2.6","3.2","-6","7.2","9.7",NA,"10.7","-1.5","4.2","9.9","4.3","0.6","12","9","-0.9","5",1984-01-01
NA,"-4.3","3","-7.1","-10.3","4.5",NA,"0.8","-5.9","-2.3","1.2","1","10.5",NA,"-2.4",NA,"2","2.9","-4.8","5.2","9.6",NA,"11","-3.1","6","12.5","4.8","0.8","9.5","7.5","0","6.1",1984-04-01
NA,"-3.9","2.9","-8.2","-11.1","3",NA,"0.5","-6.3","-4.6","1.8","1.1","10.8",NA,"-3",NA,"0.5","1.7","-3.4","6.9","8.9",NA,"11.4","-4.8","5.8","20.5","5.3","1","7.2","7.6","0.3","5.7",1984-07-01
NA,"-1.6","3.7","-7.1","-11.8","2.8",NA,"1.1","-4.8","-2.6","1.9","2.5","12.5",NA,"-3.7",NA,"0.4","3.7","-0.3","7.3","9",NA,"10.2","-4.4","7.8","18.6","4.1","1.4","7.1","9.2","1.6","6.4",1984-10-01
NA,"-3.2","4.2","-8.1","-11.2","2.7",NA,"0.5","-3.9","-5.3","2.3","0.8","13.2",NA,"-3.4",NA,"0.9","3.4","-0.7","7.4","10.2",NA,"10.3","-5.1","7.6","18.7","-0.7","1.8","3.9","10.4","2.3","5.6",1985-01-01
NA,"-2.8","6","-7.7","-11.3","0.8",NA,"-0.1","-0.5","-4.8","1.6","0.2","11.4",NA,"-2.4",NA,"0.3","1.6","-1.4","5.1","11.9",NA,"10.3","-6.3","7.6","19.8","-4.6","2.3","2.9","8.3","3.4","5.5",1985-04-01
NA,"-3.1","6.4","-9.1","-9.8","-0.3",NA,"-1.3","-0.3","-6.2","2.3","-1","12",NA,"-3.3",NA,"-3.7","1.1","-2.4","5.6","12.8",NA,"12.5","-7.6","7.7","19.6","-10","2.8","0.8","5.9","4.2","8.3",1985-07-01
NA,"-2.3","7.4","-8.4","-9.4","1.2",NA,"-0.4","5.3","-5.3","4.2","0","10.4",NA,"-3.9",NA,"-0.2","1.7","1.4","6.4","9.8",NA,"15.7","-7.9","8.4","21.9","-15.7","3.2","-2.8","6.2","6.3","7.1",1985-10-01
NA,"-4.8","7.2","-8.6","-8.8","0.2",NA,"-2.1","5.5","-8.2","4.3","-0.6","12",NA,"-3.2","3.8","-1.4","3.4","-2","5.7","7.1",NA,"16.9","-7.4","8.7","26.5","-22.6","5.5","-1.2","5.4","5.8","4.3",1986-01-01
NA,"-4.5","10.8","-7.8","-7.3","1.8",NA,"-2.5","9","-8","5.9","-0.7","12.4",NA,"-2.5","4.9","-3","1.5","-1.4","4.4","7.1",NA,"16.5","-7.1","16.9","24.1","-26.3","7.5","-3.4","4","6.8","3.1",1986-04-01
NA,"-4.5","13.7","-8.6","-6.5","2.3",NA,"-3.6","12","-9.3","5.4","-1.8","12",NA,"-2.2","9.7","-1.1","0.3","-1.3","6.2","4.4",NA,"18.6","-7.7","19","25.3","-28.8","9.3","-5.2","2.9","8","-0.7",1986-07-01
NA,"-2.2","14.1","-7.5","-5.4","3",NA,"-3.9","18.7","-7.9","4.6","-2.8","13.9",NA,"-2.7","8.5","-0.8","0.9","2.8","8.8","2.7",NA,"17.3","-4.4","21.1","22","-30.6","10.9","-11","1.4","9.6","-1.1",1986-10-01
NA,"-4.3","13.1","-6.5","-5.1","3.7",NA,"-5.2","19.2","-9.3","3.5","-0.6","14.6",NA,"-2.4","8.4","-1.3","2.8","1.9","9.6","0.2",NA,"14.4","-2.9","21.8","21.5","-31.5","12.7","-15.3","2.8","8.8","-3.2",1987-01-01
NA,"-3.7","14.4","-3.9","-3.3","6.2",NA,"-5.5","19.6","-8.4","4.2","0.1","14.2",NA,"-2.8","7.4","0.7","0.1","2.7","14.3","-1.3",NA,"11.8","-0.1","21.5","19.1","-32.8","14.4","-14.8","0.5","9.5","-4.3",1987-04-01
NA,"-3.3","13.9","-5.3","-3.1","6.1",NA,"-4.7","19.2","-9.1","6.2","0","14.5",NA,"-3.2","5.5","1.7","-0.7","0.7","16.6","-2.6",NA,"8.8","-3.2","22.6","16.8","-32.5","15.8","-15.1","-0.8","9.6","-3.9",1987-07-01
NA,"-1.4","14.7","-4.3","-2.4","6.5",NA,"-4.4","22.9","-7","7.4","1.2","13.2",NA,"-3.2","5.1","0.8","-0.7","4.8","18.2","-5",NA,"6.4","-1.8","21.8","14.9","-33.3","17","-19.6","2.5","9.2","-3.1",1987-10-01
NA,"-2.7","15.7","-3.3","-1.4","8.9",NA,"-5.8","18.7","-8","6.1","2.2","14.4",NA,"-4.5","5.8","0.3","1.4","2.8","16","-9",NA,"4.8","-0.9","20.9","16.1","-33.1","19.2","-23.2","2.4","8.5","-1.5",1988-01-01
NA,"-1","17.4","-1.7","-0.3","11",NA,"-5.5","19.5","-6.9","5.8","3.2","16.7",NA,"-5.4","5.7","0.9","-1.3","4.5","14.9","-7.8",NA,"3.8","1.5","22.6","9.7","-33.8","21","-19.9","2","8.7","-2.1",1988-04-01
NA,"-1.1","16.4","-0.7","1.2","11.9",NA,"-5.8","17.3","-5.9","5.1","4.2","17.9",NA,"-5.8","6","-0.2","-2.1","3.6","16","-9.6",NA,"0.3","0.7","21.9","3.3","-33","22.4","-24.5","1.7","8.1","-0.8",1988-07-01
NA,"0.6","14.3","0.2","2.1","12.5",NA,"-5.2","18.1","-2.4","10.3","5.9","17.5","-6.4","-6.2","6.8","-2","0.2","7.5","17.9","-11.3",NA,"-0.5","4.4","20.8","5.6","-31.5","23.4","-23.6","3.5","7.9","-0.7",1988-10-01
NA,"-2.3","14.2","0.3","2.9","15.4",NA,"-6.3","14.1","-2.7","9.9","4.9","19.2","2.6","-5","5.8","-5.4","0","6.4","17.2","-8.7",NA,"0.2","5.6","21.5","2.8","-33.8","25.1","-23.5","4.4","6.6","-0.3",1989-01-01
NA,"-1.1","15.7","2.9","4","17.9",NA,"-6","13.9","0.1","9.9","6.4","20","1.9","-5.3","6.5","-5","-0.5","8.1","16.8","-3.8",NA,"-0.9","6.4","20.3","-2","-32.8","26.4","-21.1","5.2","6.4","-0.8",1989-04-01
NA,"0.3","12.2","3.2","5.4","16.3",NA,"-6","11.1","-0.4","9.8","6","20.6","5.4","-4.7","7.5","-4.8","-1.7","6.3","19.4","-1.5",NA,"-0.2","3.6","17","-1.8","-31.6","27.4","-15.2","5.1","5.4","-0.8",1989-07-01
NA,"1.5","10.2","5.3","7","16.2",NA,"-4.8","13.2","1","7.4","7.2","19.7","6.5","-9.9","8.1","-5.3","-0.6","10.5","21.2","-1.2",NA,"1","2.5","13.2","-0.5","-28.4","28","-12.3","8","5.1","-0.5",1989-10-01
NA,"0.2","10.6","3.4","8.3","15.2",NA,"-4.9","10","0.8","8.4","7.6","23.5","4.6","-11.2","8.8","-5.2","-0.2","7.9","23.8","-1.7",NA,"-0.7","3.5","13","-0.8","-28.1","27.9","-16.2","10.2","4.6","-1.5",1990-01-01
NA,"1.6","9.2","4.9","8.8","14.7",NA,"-6.4","7.9","1.9","11.9","7.9","23","6.5","-11.5","12.7","-4.2","-1.5","8.5","19.9","-0.8",NA,"0","4.8","12.5","-2","-25.5","27.7","-14.2","13.1","4","-1.5",1990-04-01
NA,"1.4","7.4","4.9","9.3","12.3",NA,"-6.8","5.1","2","15","7.8","21","5.6","-10.8","14.2","-0.1","-3.2","6.5","19.5","-1.3",NA,"1.7","4.7","7.9","-1.1","-27.4","27.5","-16.5","17.4","3","-1.8",1990-07-01
NA,"2.4","6.7","5.2","9.5","9.8",NA,"-6.2","6.7","1.5","15.6","9.9","20.1","10.4","-10","15.1","1.1","-2.7","12.3","19.1","3.1","3.2","4.9","4.4","3.4","-0.6","-26.9","27.2","-15.9","19.3","2.3","-0.7",1990-10-01
NA,"0.8","7.1","6.2","10.3","7.8",NA,"-7.4","2.5","2.1","15.9","9.6","19.4","5.2","-11.7","12.9","3.6","-2.9","8.7","15.1","5.7","3.3","4.6","5.1","0.4","1.2","-23.5","22.4","-11.6","19.3","1","0.4",1991-01-01
NA,"1.9","5.2","6.9","10.7","7.7",NA,"-7","3.2","2.9","17.2","9.2","19.8","-6","-13.4","11.4","5.3","-4.7","10.6","12.2","4.7","4.7","4.2","2.4","-0.7","4.4","-19.2","18.1","-15.5","19.3","0.8","-0.1",1991-04-01
NA,"0.7","2.3","6.3","10.7","5.3",NA,"-5.6","-0.4","2.6","20.5","9.1","17.7","-6.6","-13.5","8.5","6","-6.3","9.4","10.6","5.6","5.6","5.5","0.9","-6.3","2.9","-17.7","14.6","-14.8","20.9","-0.6","0.1",1991-07-01
NA,"1.5","2.2","6.6","11.5","3.5",NA,"-4.9","1.1","3.1","21.4","9.5","13.3","-7.7","-12.3","9.4","5.9","-6.3","13","10.6","4.5","8.9","3.6","1.8","-11.2","1","-15.9","12","-14.2","21.6","-1.6","-0.6",1991-10-01
NA,"-0.6","0.5","5.4","10.4","2.3",NA,"-4.9","-0.8","1","24.9","8.8","12.4","-10.2","-14.4","7.8","4.9","-5.6","11.5","7.6","4","9.2","4","2.1","-6","1.2","-17.2","11.6","-15.7","20.7","-3","-1.6",1992-01-01
NA,"0.1","-0.3","6.3","10.6","1.5",NA,"-4.2","-2","1.6","28.4","8.8","9.8","-9.6","-13.7","7.1","5","-5","12.3","6","3.2","10.4","0.9","1.9","-8.6","-1.3","-15.2","11.9","-11.7","20.8","-4.2","-1.9",1992-04-01
NA,"0.3","-0.2","5.5","9.8","0.5",NA,"-4","-4.8","1.9","31.9","7.3","8.5","-11.3","-14.2","6.9","4.4","-5","11.7","5.2","3.7","11","0.6","2.8","-11.1","1.3","-12.4","12.5","-11.9","20.7","-5.2","-1.7",1992-07-01
NA,"1","-3.5","14.3","8.6","-0.4",NA,"-4.2","-6.8","3.3","33.1","8.5","9.4","-16","-16.9","4.7","8.5","-4.1","14.6","6.8","4.2","11.9","-1.3","2.9","-7.4","0.3","-7.8","13.2","-12.3","21.2","-6.3","-1.3",1992-10-01
NA,"-0.3","-5.8","14.5","9","-0.3","8.9","-2.6","-8.1","2.6","26.8","9.7","7.1","-11.8","-16.1","1.3","10.2","-3.1","13.3","5.3","4.4","11.8","-4.3","3.7","-9.1","-3.2","-7.1","12.9","-12.4","21.8","-7.4","-1.8",1993-01-01
NA,"-0.2","-8.6","14.8","7.9","-1.1","9.7","-1.1","-7.8","3.4","21","8.8","6","-13.4","-16.2","1.3","7.7","-4.6","12.7","4.5","4.9","12.5","-6","1.5","-9.7","-2.6","-2.9","12.1","-11.1","22.7","-7.3","-2.7",1993-04-01
NA,"-1.1","-8.7","13.9","8","-3.8","10.8","0.3","-7.2","2.9","15","7.5","5.2","-11.7","-16","0.3","5.6","-6.9","10.8","5.1","6.8","12.8","-8.6","-0.5","-14.5","-2.3","-1.5","10.3","-12","21.2","-7.1","-2.4",1993-07-01
NA,"-0.9","-10.2","13.8","6.5","-8.1","13.1","2.6","-5.7","3.4","6.9","5.2","5.4","-12.8","-15.2","-1.2","8.5","-6.7","12.2","5.9","4","13.1","-5.3","0.6","-16","0.3","3.5","8.1","-11.5","22","-6.8","-2.5",1993-10-01
NA,"-3.1","-11.2","12.5","5.7","-8.7","11.3","0.2","-5.7","1.4","5.4","4.6","2.9","-10.7","-14.7","-0.3","5.9","-6.8","8.4","3.5","3.6","13.2","-6.8","2.4","-17.6","1.1","2.9","4.5","-12","22.2","-6.9","-2.3",1994-01-01
NA,"-2.6","-11","12.4","4","-8.9","9.6","0.7","-8.2","1","2.2","2.9","-1.2","-9.3","-12.6","-0.3","4.7","-8.4","7.7","0.9","4","13.3","-8.7","2.2","-19.9","-2.1","3","1.2","-11.4","24.8","-6.8","-2.5",1994-04-01
NA,"-3.4","-10.8","11.7","2.1","-9.2","9.6","1.4","-11.9","-0.2","-1.8","1.3","-2.6","-10.1","-10.9","-0.1","3.3","-7.3","5.2","1","5.6","12.8","-4.8","0.9","-20.8","-2.2","2.9","-1.6","-9.5","28.7","-6.9","-1.3",1994-07-01
"-11","-3","-10.9","10.5","0.9","-9.9","9.5","2.2","-14.3","-0.4","-5.7","1.8","-3.5","-11.9","-10.1","0.6","5","-6.9","7","1.3","3.4","12.7","-4.8","0.7","-23.6","-2.9","6.3","-4.8","-11.4","33.9","-6.3","-0.6",1994-10-01
"-10.4","-5.5","-10.8","8.7","0.8","-9.8","9.5","-1.6","-14.4","6.2","-10.6","0.5","-4.5","-9.5","-10.6","-0.2","4.3","-4.1","5.4","-0.8","2.8","12.8","-3.6","-0.7","-24.4","-3","3.9","-8.4","-5.6","32.5","-6.5","-0.4",1995-01-01
"-8.5","-5","-10.4","7.2","-0.9","-9.5","7","-0.6","-13.7","5.6","-15.3","0.5","-5.1","-4.9","-10.3","-0.5","4.4","-5.7","5.5","-3.9","2.5","12","-2.1","-0.3","-24.1","-1.4","3.8","-11.9","1.2","34.3","-5.6","-0.3",1995-04-01
"-7.7","-5","-10.4","4.6","-1.4","-10.4","8.7","-0.4","-13.8","4.1","-18.9","-0.5","-5.7","-4.8","-9.7","0.2","3.2","-4.9","3.7","-4.3","1.6","10.5","1.7","-3.4","-24.7","-2.2","3.6","-14.9","2.1","35.1","-5.1","0.5",1995-07-01
"-5.5","-2.7","-9.8","3.3","-1.9","-8.7","11.9","0.3","-11.9","3.5","-23.9","-2.5","-3.8","-1.8","-11.2","0.6","5","-4.8","3.9","-4.5","0.4","8.4","7.2","-5","-24.7","4.2","4.4","-17.2","6.2","38.2","-4.4","1.3",1995-10-01
"-4.6","-6","-9.6","3.2","-2.3","-6.9","12.5","0.8","-9.5","2.1","-24.8","-3.5","-5.7","-0.7","-11.6","0.3","3.7","-2.8","2.2","-7","0.7","4.9","8.2","-3.1","-23.6","0.8","8.9","-17.9","6.2","38.9","-4.2","2.3",1996-01-01
"-3.4","-3.5","-8.9","4.4","-2.7","-6.8","11.9","1.9","-9.2","2.6","-24.4","-3.9","-5","3.1","-10.8","2.1","3.5","-4.7","1.9","-9.6","2.2","2.2","10.3","-2.4","-22.5","2.4","10.1","-19.4","11.7","38","-3.8","2.2",1996-04-01
"-2.6","-2","-10","4.7","-3.1","-7.8","13.1","2.6","-8.7","1.7","-24.7","-5.1","-6.3","2.6","-9.3","2.4","3.2","-5.5","0.7","-11.2","5.3","-0.1","13.1","-2.4","-23.2","-3.3","10.7","-19.2","12.1","33.6","-3.8","2.8",1996-07-01
"-1.3","-1.9","-8.5","4.9","-3.6","-7.2","15.8","3.7","-8.5","2.5","-24.7","-4.4","-7.1","2.8","-5.3","2.6","2.8","-5.7","1.5","-10.9","4.7","-2.1","18.4","-1.7","-23.3","-1.4","12.5","-16.8","12.8","33.1","-4","3",1996-10-01
"-0.2","-3.1","-8.9","6.7","-1.9","-6","16","3.7","-7.6","2.7","-22.7","-3.8","-14.1","7.1","-5.7","2.3","3.5","-3.9","0.3","-14.7","8.4","-2.8","23","3.3","-19.7","-1.8","14.4","-7.2","14.5","31.3","-4.3","2.9",1997-01-01
"1.2","0","-7.3","8","-2","-6.2","14.6","4.2","-6.2","3.7","-21.4","-3.8","-12.4","11.6","-4.2","3.7","8.2","-5.5","0.6","-16","7.8","-4.3","26.9","5.6","-14.6","-0.7","13.6","-7.7","13.2","28.3","-3.9","3.1",1997-04-01
"2.2","1.2","-6.5","8.4","-2.1","-8.4","15.4","4.2","-4.6","4.2","-20.3","-4.5","-10.5","14.6","-3.6","10.8","8.7","-5.9","-0.5","-16.7","8","-6.7","30","6.3","-13.2","1.2","13","-8.2","17","37.3","-3.3","3.7",1997-07-01
"3.5","1","-3.8","8.5","-2.5","-9.6","18","4.7","-3.8","4.8","-21.1","-4.9","-10.5","7.6","-2.1","14.4","9.4","-4.4","0.5","-14","13.2","-8","27.8","-2.3","-10.2","6.4","14.5","-10.8","15.6","47.6","-3","4.3",1997-10-01
"4","-2.3","-3.7","7.4","-1.6","-10.5","18.7","4.2","-3.7","5.2","-23","-5.2","-8.8","4.5","-2.2","33.2","12.9","-1.5","-0.2","-17.1","10.1","-8.1","22.2","1.6","-5.9","2.7","19.5","-8.3","10.1","26.3","-2.5","5.9",1998-01-01
"4.6","-1.3","-1.4","9.6","0","-10.7","20","4.3","-2.7","7.3","-24.3","-5.6","-7.6","4.6","-0.7","61.6","13.1","-2.9","0","-17.4","8.2","-7.9","18.3","1.2","0.2","4.5","19.9","-8.6","9.1","25.6","-0.7","7",1998-04-01
"5.5","-1.2","-1.1","10.1","1.4","-13","18.8","5","-2.7","7.1","-25.2","-6.3","-4.4","5.4","0","19.9","12.6","-3.1","-1","-16.5","10.4","-7.8","15.1","3.1","1.3","5.3","20.4","-6.1","6.9","18.8","-0.1","6.6",1998-07-01
"6.3","-0.3","-0.6","10.6","1.3","-13.4","18.5","6.8","-4.3","8.9","-25.4","-6.9","-4.3","2.6","-1.4","-4.3","14.4","-3.7","0.5","-20.8","5.7","-9.4","16.6","2.9","3.8","5.3","23.4","-6.3","9","11.5","0.8","7.5",1998-10-01
"6.4","-1.5","0","14.3","-0.7","-9","20","4","1","11.9","-21.6","-6.6","-2.7","0.2","0","-19.3","17.3","-0.9","0.6","-23.7","9.7","-10","11","6.2","5.7","3.2","23.4","-3.9","8","6.1","1.4","7.3",1999-01-01
"6.8","-0.8","-0.9","15.2","-2.2","-6.2","23.3","5.5","2.2","17.5","-18","-4.3","-0.8","-2.9","1.5","-38.8","23.2","-3.1","3.7","-25.1","0.5","-10.3","5.8","6.3","6.5","0.9","27.4","-4.4","7.3","-4.1","2.1","6.6",1999-04-01
"6.3","2.1","0.2","16.9","-4.3","-4.8","23.5","6.1","1.1","17.6","-18.2","-3.3","-0.6","-4.6","2.3","-33.7","25","-2.7","4.1","-24.9","-4.1","-12","3.3","7.7","3","1.3","28.5","-4.8","4","-17.1","3.3","5.3",1999-07-01
"6.3","4.1","2.2","17.3","-7","-6.5","20.6","8.3","2.7","19.5","-18.9","-1.9","1","-7.6","3.2","-39.9","29.4","-0.3","6.5","-21.7","-13","-12.3","-5","8","1.2","3.5","29.7","-1.6","2.9","-28.9","3.7","4.5",1999-10-01
"5.2","2.9","2.5","18.1","-4.8","-5.4","17.3","9.1","7.9","22.1","-16.4","-2.1","2.1","-9.9","4.3","-40","32","0.5","5.6","-23.7","-13.6","-12.4","-13","6.5","-1.6","4.9","33.3","-3.2","-2.1","-32.9","4.3","2.4",2000-01-01
"4.7","5","4.1","18.6","-5.9","-11.5","17.8","10.1","4.8","24.3","-14.5","-0.8","4.4","-12.9","6.6","-37.4","25.1","1.4","5.7","-26.8","-17","-11.5","-16.5","6.2","-3.3","4.3","33.1","-3.1","-1.1","-42","4.6","1.5",2000-04-01
"4.5","9.6","4.1","19.2","-6.7","-13.3","17.1","8.9","8.9","26.6","-8.5","0.9","5","-8","8","-37.3","25.2","1.1","5.9","-26.5","-17.2","-11.8","-20.7","6.3","-0.6","3.7","33.3","-0.2","-2.9","-54.4","4.6","2.3",2000-07-01
"3.9","7.3","6.6","20.2","-8.4","-14.6","18.2","13.2","7.1","26.8","-7.8","1.4","4.5","-11","9.3","-36","21.8","2.7","8.1","-27.2","-19.8","-11.7","-22.9","6.9","-6.9","3.9","33.1","3.6","-4","-58.3","4.6","1.8",2000-10-01
"3","5.5","7.9","19.2","-5.8","-13","18.4","12.8","6.8","25.6","-7.8","2.3","6.9","-9.8","10.3","-34.2","19.6","3.2","8","-28.7","-18.8","-11.5","-24.1","1.7","-6.6","5.2","34.9","2.1","-2.2","-58.5","3.6","1.2",2001-01-01
"4.2","4.5","5.7","19.5","-6.1","-13.1","18","12.1","8.3","26.7","-7.2","3.7","6.6","-11.3","8.6","-32.5","19.2","2.5","8.3","-30.1","-19.1","-11.9","-22.4","0.5","-3.8","4.9","35.2","3.5","0","-66.6","5","0.4",2001-04-01
"3.2","4.6","5.8","18.4","-3.5","-15.7","20.9","11.6","10.2","27.9","-8.7","3.9","7","-10.8","9.5","-34.5","16.2","2.4","7.7","-29.1","-17.1","-11.1","-18.8","-1.5","-4.6","-3.2","35.4","4.3","4.2","-65.2","6.4","1.7",2001-07-01
"13.8","5.5","3.7","18.7","-2.8","-17.4","14.1","10","13.6","27.8","-11","4.2","8.2","-11.8","9.4","-33.4","20.7","3","8.9","-27.3","-18.2","-10.4","-16.4","-0.8","0.6","-3.4","35.2","8.2","12.2","-67.8","6.6","4.5",2001-10-01
"46.9","3.8","2.7","15.8","0","-16.8","12","8.8","11.3","27.7","-3.9","4","8.7","-10.4","7.3","-33.5","19.3","4.3","8.2","-26.9","-15.4","-10.3","-15.6","-2.4","5.5","-2.1","33.2","6.1","10.2","-59.1","6.4","1.5",2002-01-01
"52.9","3.3","5.2","13.7","0.5","-15.4","12.6","9.5","10","27","-5.2","3.4","9.9","-11.2","8.9","-32.8","19.4","7","8.6","-26.9","-13.3","-8.9","-16","-5","6.9","-3.3","30.1","5.2","9","-60","6.8","0.3",2002-04-01
"42","2.6","6.9","11.4","0.8","-15.9","14","8.9","11.3","25.2","-5.9","2.4","13.4","-11.3","8.6","-30.5","16.5","6.3","7.6","-28","-11.9","-8.1","-18.2","-3.6","8.5","-3.5","30.3","4","8","-57.6","7","-0.5",2002-07-01
"27.2","2","6.4","9.2","-0.7","-14.3","8.9","8.2","9.3","25.8","-8.2","2.4","11.9","-12.2","7.2","-28.4","11.5","6.9","8.5","-26.1","-12","-7.3","-19.7","-4.8","8.2","-3.1","31.7","5.1","4.6","-57.1","7.6","-2.4",2002-10-01
"15.4","0.4","5.9","6.8","-3.8","-12.2","6.4","7.6","13.1","24.9","-7.4","2.8","8","-12.2","8.4","-27.2","4","7.8","7.9","-27.3","-12.1","-7","-22.7","-5.2","10.1","-2.9","33.9","2.2","1.1","-56.6","7.2","1",2003-01-01
"9.3","-0.2","7.5","8.3","-4","-8.9","1.8","7.5","13.9","25","-4.2","2.7","8.9","-7.1","12.1","-26.5","5.9","6.3","8.6","-28.9","-13.1","-6.8","-22.6","-4.1","13.5","-3.4","32.2","3","8.5","-54.7","8.7","0.3",2003-04-01
"6.9","-0.6","7.6","8.8","-4.6","-8.2","-1.8","6.4","14.7","24.5","-3.3","1.8","8.1","-6.4","10.9","-24.5","8.2","4.5","7.6","-29.6","-13.9","-5.9","-23.1","-2.7","10.8","-4.4","29.8","1.4","6.9","-55","8.5","0.7",2003-07-01
"4.7","1.2","9.7","9.9","-5","-6","-4.8","4.7","12.5","26.8","-1.9","0","6.5","-4.6","14.9","-22.2","14.8","4.9","9.4","-28.1","-15","-5.2","-25.5","5.5","7.6","-4.7","28.7","-0.4","6.4","-57.2","7.7","1.4",2003-10-01
"0.6","0.5","9","9.1","-2","-5.2","-4.5","1.1","16.5","26.8","-0.4","-0.2","5.1","-2.7","14","-21.6","14.2","6.9","8.2","-29.5","-16.7","-4.9","-23.8","3.3","10.8","-4.4","30.3","-1.8","-0.8","-53.2","7.2","-0.8",2004-01-01
"-0.2","0.8","9.9","8","-2.7","-5.7","-5.6","-0.6","16.2","29","1.5","0.9","4.2","-6.7","15.9","-17.6","11.8","6","9.1","-30.3","-18.8","-4.8","-23.9","1.3","12.2","-1","29.4","-1.6","-5.6","-50.8","7.2","-2",2004-04-01
"-1.1","-0.3","9.8","7.2","-3.7","-5.8","-8.1","-2.1","17","28.1","1.4","1","5.4","-6.9","15.3","-16.5","15.5","5.9","8.6","-30.2","-19.5","-4.7","-26.1","0.2","11.8","-3.3","28.2","-2.9","-10.7","-44.8","7.2","-0.8",2004-07-01
"-3.1","-1.9","11","6.9","-3.9","-7.2","-12.6","-3.8","17.8","29.8","1","1","5.4","-4.2","16.3","-14.7","24.8","9.2","9.9","-28.2","-21.8","-4.5","-28.4","0.5","9.1","1","27.3","-1","-12.9","-46","7.9","0.9",2004-10-01
"-5.2","-2.5","10.8","4.9","-6.6","-4.5","-12.1","-5.3","22.3","30.3","1.2","0.5","4.9","-2.7","18","-13.3","21.6","10.5","10","-26.4","-21.6","-4.1","-30.7","-0.6","7.9","2.9","24.2","-1.1","-15.3","-44.8","7.1","1.4",2005-01-01
"-6","-0.1","13.6","3.6","-5","-3.7","-12.1","-5","24.6","33.1","4","2.3","7.2","1.9","20.3","-11.5","21.9","10.4","10.6","-26.9","-19.4","-3.8","-32.3","2.9","7.4","3.9","24.2","2.9","-15.9","-42.3","7.6","2.9",2005-04-01
"-7.2","0.4","14.2","1.8","-6","-3.6","-14.1","-5.5","26.5","32.2","3.7","2.2","7.9","-1.8","21.1","-9.9","28.9","13.7","10.1","-24.5","-18.5","-3.8","-30.8","2.6","5.1","5.3","22","3.2","-17.3","-40.6","7.9","3.9",2005-07-01
"-7.5","-0.6","15.5","0.4","-8.2","-6","-14.8","-6.3","28.8","34.6","4.8","3","7.4","-1.4","21.7","-10.7","31.8","13.6","11.4","-22.5","-17.2","-3","-29.9","-0.5","5.4","8.8","21.7","5","-15.5","-39.4","8.2","5",2005-10-01
"-7.7","-0.3","14.6","-0.5","-7.9","-6.3","-15.9","-6.2","29.9","37","7.8","3.1","6.7","-2.9","20.5","-12","42.1","19","11.3","-21.7","-15.8","-2.5","-32.1","-2.8","4.1","9.3","20.9","4.2","-16.7","-39.7","8.7","7.2",2006-01-01
"-7.8","1","16.5","-0.3","-8","-8.2","-16.1","-6.2","29.2","38.5","10.2","4.1","7.6","-0.8","25.1","-10.8","50.4","16.4","12","-21.3","-11.8","-1.8","-31.7","-5.4","3.8","12.2","19.2","5.3","-17.2","-39","9.5","7.9",2006-04-01
"-7.9","1.2","17.3","-0.5","-5.9","-5","-16.2","-6.8","32.8","38.7","10.8","4","9.4","-1.2","23.1","-10.2","51.2","18","11.5","-19.2","-8.9","-1.5","-31.9","-5.3","4.6","13.3","17.1","4.5","-19.4","-37.8","9.7","10.8",2006-07-01
"-7.8","-0.9","17.3","-1.5","-3.9","-7.7","-15.8","-8.6","34.8","41.3","8","4.5","7.8","-0.4","20.7","-8.7","52.7","16.8","12.7","-17.7","-5.5","-0.4","-30.5","-8.5","4.2","12.8","15.8","5.8","-22","-37.2","10.3","11.5",2006-10-01
"-7.8","-2.8","16","0.3","1","-5.7","-15.1","-10.9","34.3","40.5","8.5","4.5","4.6","1.5","18.7","-8.6","52.7","20.5","12.2","-17.1","-3.7","0","-30.5","-7.7","9.5","14.8","14.4","8.8","-21","-37.9","10.2","11.3",2007-01-01
"-7.8","-0.9","16.6","1.9","0.7","-4.5","-15.4","-11.7","33.4","44","9.7","6","4.2","10","21.4","-8.7","50.5","15","13.4","-18.7","-2.2","0.4","-30","-9.4","15","15.2","16.4","12.7","-18.3","-36.1","11.4","11.8",2007-04-01
"-7.2","-0.4","18","3.7","1.9","-3.9","-12.5","-13.1","34","41.7","9.2","5.9","5.9","14.6","23.3","-7.1","51.2","15.8","13","-16.7","-1.6","1.4","-26.5","-9.6","14.6","12.8","15.5","14.8","-20.8","-34.9","11.9","12.6",2007-07-01
"-7.4","1","17.7","4.7","2","-0.2","-10.5","-13","36","39.7","9.8","5.1","5.9","7","27.5","-4.4","47.7","15.4","15.1","-14.2","-0.5","2.7","-29.9","-11.7","17.7","11.7","16.3","18.8","-14.6","-34","12","11.9",2007-10-01
"-7.7","0.7","16.8","7.7","4.5","-2.1","-11.6","-13.8","33.9","34.9","8.8","5","7.4","9.6","27.6","-4","55.8","19.8","17","-13.4","2.5","2.7","-32.6","-9.7","20.5","10.5","17.4","22.3","-6.9","-32.2","11.4","13.4",2008-01-01
"-8.2","-0.3","14.8","10.8","3.1","-2.4","-5.2","-13.6","31.7","34.1","12.2","7.1","5.4","13.7","20.5","-2.4","62.6","16","15.7","-11.4","5.5","2.5","-32.4","-8.5","20","11.2","19.8","26.8","-4.2","-29.4","9.7","11.7",2008-04-01
"-7.9","-0.9","12.5","13.7","2.9","-1.6","1.4","-13","30","31.4","14.3","8.6","5","14.1","24.1","-1.4","69.5","16.4","14.2","-9.7","7.9","3.2","-28.7","-10.2","19.9","11.9","18.7","29.3","-0.7","-27.1","9.3","10.3",2008-07-01
"-7","0.7","10.9","19.3","5.4","-2.8","7.7","-10.9","30.4","29.5","17","8.8","9.9","7","28.9","-0.9","79.9","15.5","12.5","-4.6","10.7","4.4","-26","-11.3","24.4","12.4","18.5","36.6","2.4","-22.4","6.6","8.8",2008-10-01
"-6.2","0.1","7.1","22.1","8","1.2","7.8","-9.3","31.5","28.4","20.6","9.9","8.5","1","43.4","-1.4","78","17.4","14.4","-2.1","11.9","5","-21.3","-8.1","26.5","12.6","20.5","36.8","-0.1","-20.4","5","7.9",2009-01-01
"-5.5","0.2","4.2","23","12.6","5.6","4.2","-7.6","32.2","27.3","24.5","11.1","3.5","8.3","31.4","-1.7","74.8","13","16.6","0.2","13.2","4.4","-16.3","-4.6","29.8","9.8","21.6","37.8","1.2","-16.4","4.6","4.9",2009-04-01
"-5.4","1.2","3.8","23.3","16.3","8.4","4.2","-7.1","33.7","25.7","20.3","11.6","5.4","10.4","27.8","-1.4","74.8","12.9","15.4","2.5","13","4.5","-9.6","-2","28","6","20","39.2","1.8","-13.3","3.9","3.6",2009-07-01
"-5.5","0.7","3.3","21.6","16.3","10.2","1.9","-6.4","33","23.7","19.6","12","3.7","6","29.4","-0.4","72.4","9.9","14.5","4","11.2","4.1","-7.2","1.4","24.5","1.5","16.6","39.1","1.8","-13","1.4","3.4",2009-10-01
"-5.8","0.9","1.7","15.3","13.7","11.5","0.8","-7.5","31.5","21.3","21.8","10.8","3.4","10.5","26.3","-1.5","67.2","11.7","13.1","2.5","8.3","3.8","-9.4","5.8","20.6","-1.5","13.7","33.6","-4.2","-15.8","-1.2","2.2",2010-01-01
"-5.7","1.7","-0.9","12.3","12.6","7.3","0.1","-7.5","24.7","20.8","23.4","9.4","-1.6","20.1","30.2","0.6","58.2","8.5","11.9","1.2","6.9","3.8","-9.9","9.1","21.8","-5.1","12.7","29.3","-10.3","-15.7","-4.3","1.1",2010-04-01
"-5.5","0.9","-4.6","5.9","10.3","6.8","-5.3","-8.2","17.5","16","19.9","8","-3","30.6","20.3","1","44.6","6.7","10.6","-0.6","5.3","3.4","-10.4","8.3","20","-8.5","8.8","24.1","-7.8","-15.5","-6.6","1",2010-07-01
"-5","0.5","-9.1","0.4","8.3","7.5","-7.1","-9.9","10.8","12","14.8","8","-8.3","28.7","17","2.6","55","9.5","9.1","-1.5","3","3.3","-8.1","8.3","17","-11.1","9.7","16.4","-6","-10.4","-8.9","-1.1",2010-10-01
"-4.8","-2.2","-11","0.9","7.6","7.7","-7.5","-13.5","7.7","7","14.1","7.2","-10.4","37.8","8.9","2.5","50.1","7.8","7.7","-1.8","2.6","3.6","-8.7","8","15.1","-12.9","9.6","15.2","1.1","-8","-10.7","-2",2011-01-01
"-4.3","-2.6","-13.3","3.1","6.5","9.8","-7.1","-14.1","5.7","4.4","12.5","8.5","-11.4","40.4","7.9","4","41.8","4.7","6.6","-1.2","3","3.4","-7.4","10.5","11.4","-15.1","8.6","13.7","5.4","-5.3","-12.1","-3",2011-04-01
"-3.3","-3.6","-13.3","3.3","6.8","10.5","-3.3","-13.1","9","0.7","10.9","9.4","-12.9","39.4","11","5.7","40.4","2.9","4.9","0.2","4.9","4.8","-5.9","10.2","6.8","-18.1","7.7","12.8","4.9","-2.6","-13.2","-4.1",2011-07-01
"-3.1","-3.7","-14.9","4.5","3.8","10.9","-1.1","-12.7","8.8","-2.3","10.5","9.5","-14.9","29.5","10.6","6.8","37.1","4.5","3.1","1.1","4","4.8","-4","12.8","3.6","-21.3","5.9","11.7","6","3.5","-13.8","-4.3",2011-10-01
"-3","-4.9","-15.3","7.1","3.9","11.7","-1.6","-12.7","8.7","-3.9","10.1","10.1","-12.9","28.3","3.2","7.7","38.3","4","2.6","0.6","3.7","3.8","-6.7","12.8","11","-21.4","4.9","16","6.5","6","-15.1","-3.5",2012-01-01
"-2.4","-4.3","-14.4","8.7","4.8","11.9","1","-11.7","6.5","-5.6","9.4","10.7","-12.2","26.1","0.8","9.2","38.2","1.3","2.1","-1.8","4.2","4","-2.3","14.2","8","-22.2","4.6","12.6","7","8","-16","-3.8",2012-04-01
"-1.7","-4.8","-14.3","7.1","5.8","12.1","0.6","-11.4","1.5","-8.6","8.7","9.4","-12.7","24","-4.7","9.8","32.2","2.1","1.2","-0.2","4.9","4","-1.5","13","6.1","-21.6","5.4","14.7","13.2","10.1","-16","-3",2012-07-01
"-0.6","-6.7","-13.8","2.4","5.8","14.1","3.4","-11.2","1.5","-17.6","8.8","8.5","-15.3","20.9","-4.4","11.1","14.7","3.1","1.1","1.5","3.3","4.2","-0.4","10","5","-20","5.8","7","17.2","9.1","-15.9","-2.5",2012-10-01
"-0.6","-7.2","-13.7","3.9","7.1","13.1","3","-10.8","-2.2","-21.2","12","7.3","-17.8","25.9","-2.8","10.7","3.6","1.3","-0.5","2.1","4.4","3.8","1.2","8.5","4.1","-19.6","2.3","9.6","21.8","8.6","-16.6","-2.1",2013-01-01
"-0.3","-7.8","-10.9","5.4","8.2","11","5","-9.7","-5.5","-24.1","10.6","4.9","-16.8","37.3","-7.2","12.1","-8.3","0.4","-1.7","1.2","3.7","4.6","3.6","7.5","4","-19.2","-1.4","10.2","23.4","11.3","-16.3","-2",2013-04-01
"0.2","-8.1","-11.3","-1.2","7.9","9.4","5.3","-9","-7.9","-27.1","9.1","4.3","-19.2","38.3","-10.4","13.5","-15.5","-0.9","-2.8","1.5","2.6","5.5","3.9","5.9","0.6","-20.3","-6.9","6.3","24.5","11.2","-15.7","-2.4",2013-07-01
"1.2","-4.2","-9.6","-4","7","10.3","8.2","-8.7","-14.8","-29.8","8","2.7","-21.6","33.8","-14.3","14","-14.9","-1.9","-4.1","2","1","6.3","5.8","3.2","-2.2","-23","-12","4","26.4","14.6","-15.1","-2.5",2013-10-01
"1.1","-5.9","-10.7","-10.7","7.5","10","9.2","-9","-15.7","-33.5","5.9","3.1","-24.4","44.1","-15.1","12.3","-21.3","-3.8","-5","1.4","0.6","6","4.7","1.2","-2.7","-24.1","-17.2","7.3","26.1","14.6","-14.9","-2",2014-01-01
"-0.2","-5.7","-9.1","-9.2","6.6","10.9","9","-8.2","-18.8","-34.6","5.1","4.1","-26.1","49.3","-15.5","13","-21.9","-6.5","-5.6","0.3","0.2","5.9","4.5","1.2","-3","-24.5","-21.3","3.8","28.7","15.1","-14.6","-2.3",2014-04-01
"-0.6","-6","-7","-8.1","7.3","10.5","12.2","-8.9","-15.2","-36.9","4.4","4.4","-26.6","49.8","-17","12.9","-25.6","-7.1","-6.5","1.1","1.6","5.8","4.2","0","-2.3","-24.1","-23.8","-0.6","31.5","15.1","-14.9","-2.2",2014-07-01
"-0.8","-9.5","-5","-5.9","6.2","9.8","14.5","-12.5","-17.1","-41.4","9.6","4.2","-27.1","37.1","-17.8","13","-19.8","-7","-8.3","2.2","1.7","6.3","7.7","4.3","-0.2","-22.8","-25.9","-1","28","16.8","-14.3","-3.4",2014-10-01
"-0.7","-7.5","-1.5","1.8","11","9.4","14.6","-11.1","-17.7","-41.5","12.7","5.7","-25","42.2","-22.6","12.1","73.3","-8.7","-8.6","1.3","1","6.2","8.5","7.7","4.4","-21.5","-28.8","0.2","22.6","15.9","-14.6","-2.5",2015-01-01
"-0.1","-9.2","0.1","-8.6","11.8","7.2","13.8","-10.6","-21.2","-45","14.4","5","-28.3","38","-21.9","12.4","32.4","-11.1","-9.7","-0.7","0.3","6.5","9.5","4","7.1","-20.8","-31.8","-2.6","23.7","16.6","-13.4","-3",2015-04-01
"0.1","-9.3","2","-3.6","14.2","7.1","21.3","-10","-19.7","-47.7","15.3","4.4","-27.1","28","-25.4","12.3","-0.6","-10.6","-10.9","-0.7","0.8","7.7","10.3","-0.1","10.2","-19.6","-34.2","-5","21","17","-13","-2.8",2015-07-01
"2","-9.4","2","-8.3","15.2","9.7","19.4","-10.2","-21.1","-49.8","9.9","5.4","-26.2","35.4","-25.9","12.1","-16.7","-10.9","-13.3","0.1","0.3","7.7","9.5","-3.8","13.4","-19.3","-36.2","-2.6","23.2","17.5","-12.5","-1.4",2015-10-01
"1.9","-9.5","2.6","6.1","12.8","14.2","14.9","-9.1","-21.9","-52.1","5.3","6.6","-24.9","30.2","-26.3","10.6","-19.6","-13.8","-14.8","0.3","-0.5","8.1","7.5","-6.3","13","-18.3","-39.4","-8.3","20.3","18.4","-11.6","-0.8",2016-01-01
"1.5","-9.7","2.9","9","14.8","11.9","12.6","-8.6","-21.4","-50.7","2.5","7.5","-21.3","31.5","-25","10.5","-22.2","-14.2","-14.6","1.1","-0.6","8.6","6.8","-8","14.5","-17.7","-40.9","-8.6","20.4","17","-10.5","-2.8",2016-04-01
"1.7","-8.5","1.8","6.7","15.4","11.3","11.2","-7.8","-20.1","-52","-0.8","7.3","-18.6","28.8","-28.7","9.7","-41.5","-18.2","-15.3","2.6","-1.1","8.7","7.2","-2.9","14.7","-16.1","-42.3","-7.3","18.8","14.4","-9.1","-3.1",2016-07-01
"2","-8.6","-0.6","4.9","13","11.5","10.8","-7.9","-24.5","-52.2","-4","7.2","-19.8","29.8","-27.8","10","-42.3","-16.2","-17","4.4","-1.2","8.5","8.3","-8","12.8","-15.7","-44.4","-7.2","14.6","12.3","-9.3","-3.7",2016-10-01
"1.8","-7.7","-4.7","-1.6","12.1","11.4","9.1","-6.3","-27.1","-51.4","-3","6.9","-18.6","36.1","-28.6","8.4","-45.7","-20.3","-16.9","5.2","-2.2","6.2","6.2","-8.4","7.3","-16.1","-43.9","-3.8","9.8","9.5","-8.8","-3.2",2017-01-01
"2.8","-8.6","-5.5","-6","10.3","13.6","7.4","-6.2","-29.7","-51.3","-2","5.9","-18.3","45.5","-28.8","8.2","-58.8","-19.3","-17.6","4.8","-1.4","5.2","5.1","-12.5","3.9","-16.2","-44.8","-5.5","11.6","9.2","-7.9","-4.5",2017-04-01
"4.1","-8.6","-7.6","-11.3","8.4","12.6","4","-5.9","-30.4","-52.5","-0.5","4.5","-16.5","44.8","-28.6","7.2","-66.5","-20.6","-18.9","5.1","-2.1","5.4","3","-14.4","-1","-16.8","-45.6","-7.5","7.3","7.2","-7.6","-4.1",2017-07-01
"6.3","-8.6","-7.5","-11.4","6.9","14.9","1.2","-5.6","-31.1","-53.8","-0.1","3.7","-15.2","48.2","-29.5","7.3","-75.5","-18.4","-18.4","5.8","-2.9","6.3","3.4","-20.2","-4.5","-17.2","-45.9","-6.8","8.3","7.3","-6.6","-4.9",2017-10-01
"6.7","-7.6","-7.2","-14.5","5.8","17.5","-0.7","-4.3","-30.5","-53.2","-1.2","3.5","-16.5","48.8","-29.3","6.4","-83.5","-20","-18.9","5.4","-2.4","4.8","4.3","-20.3","-7","-17.5","-47.1","-1.8","4","6","-7.2","-4.4",2018-01-01
"9.7","-8","-8.2","-14.6","6.5","9.2","0.2","-2.9","-28.8","-50.8","-1","3.6","-16.4","39.8","-25.6","7","-80.8","-19.2","-18.3","6.2","-1.6","5.3","6.9","-24.1","-10.5","-17.2","-48.3","-2.9","4.4","6.3","-6.3","-5",2018-04-01
"13.6","-7.6","-8.3","-18.3","4.5","4.9","1.5","-1.5","-28.6","-50.3","-1.8","3.4","-17.6","23.6","-26.2","7.1","-81.3","-18.6","-18.2","7.7","-0.2","3.9","6","-26.5","-15.1","-17.1","-47.6","-3.1","1.5","6","-6.6","-4.7",2018-07-01
"9","-7.6","-9.3","-18.6","4.3","2.5","4.5","-1.8","-28.2","-51.3","-3","2.6","-17.5","22.4","-26.5","6.9","-71.9","-16.8","-18.1","9.7","0.4","3.8","5.9","-29.1","-18.2","-16.2","-47.7","-5.2","1.1","7.2","-6.4","-5.4",2018-10-01
"8.8","-6.4","-10.2","-19.3","3.5","3.8","3.8","-0.6","-24","-48.7","-4.3","5.2","-18.9","19.1","-25.7","6.1","-72.2","-13.2","-18.4","10.4","1","3.5","5.4","-31.1","-17.9","-16.4","-46.9","-1.4","0.8","6.4","-6.4","-3.3",2019-01-01
"6","-5.4","-10.7","-18.9","4.3","6.1","6","0.6","-21.1","-47.7","-6.4","5.5","-16.9","21.1","-23.6","5.9","-75.8","-15.6","-17.8","10.9","2.9","3.4","4.6","-33.5","-13","-15.4","-45.9","-0.9","2.9","5.8","-5.9","-4.3",2019-04-01
"9.2","-7.1","-12.4","-16.7","5.2","7.6","10.3","0.8","-17.7","-46.3","-7","6.1","-14.6","21.9","-23","5.6","-77.7","-15.4","-17.1","11.9","4.7","2.9","3.8","-35.3","-8.1","-15.5","-45","-1.4","2.5","5.2","-5.5","-3.4",2019-07-01
"6.8","-7.1","-13.8","-17.2","3","14.8","11.6","0.9","-15.7","-46.2","-8.9","5.1","-15.8","21.8","-21.8","5.3","-93.3","-14.5","-16.9","13.5","6","1.6","4.7","-38.9","-5.3","-16.1","-45.1","-2.1","8.4","6.1","-5.6","-4.6",2019-10-01
"5.6","-4.5","-10.7","-18.2","5.7","12.3","17","2.2","-17.7","-43.4","-8.4","7.1","-13.5","35","-16.8","6.6","-81.9","-12.4","-14.8","14.6","8.8","5.3","4.3","-35.6","1.5","-14.2","-42.3","0.4","9.7","8.9","-2.3","-2.5",2020-01-01
"7","0.2","-10.3","-9.9","15.3","17","22.9","7.3","-13.5","-29.5","-4.5","20.5","-4.7","35","-15.1","5.2","-80","-8","-8.6","25.1","13","6","11.2","-29.7","9.3","-11.8","-31.5","4","15.6","15.1","3.8","-1.7",2020-04-01
"7","1.8","-9.4","-10.2","18.2","18.5","20","9","-19","-25.2","-3.6","22.7","-3.1","48","-11.5","6","-94.8","-6.7","-5.8","27.1","16.1","5.1","13.4","-28.5","11.3","-12.2","-27.3","5.3","19.7","19","5.2","-3",2020-07-01
"7.3","2.8","-10.7","-10.1","19.9","17.4","10.2","10","-17.9","-19.9","-1.7","24.3","-1","34.7","-10.5","4.9","-98.4","-5.7","-3.9","28.1","17.6","2.8","15.1","-32.8","11.2","-10.4","-23.9","6","27.3","23.4","6.7","-3.6",2020-10-01
"5.8","6.1","-11.3","-9.5","14.4","26","6.6","11.4","-17.8","-17.2","-1.7","21.4","-1.3","34.9","-5.2","4.9","-97.9","-3.9","-3.4","27.7","18.3","2.4","14.9","-28.6","7.1","-9.1","-20.2","14","21.1","24.7","7.2","-3.6",2021-01-01
"3","1.1","-15.6","-18","6.9","22","-2.4","8.8","-22.6","-19.2","-5.6","13.1","-5.8","37.4","-7","3.6","-102.3","-10.1","-7.3","25.4","18.4","-0.3","7.5","-30.5","-3.1","-13.1","-23.1","7.3","20.5","21.1","2.5","-8.2",2021-04-01
"1.1","0.4","-17.7","-21.5","3.9","18","-3.7","7.8","-23.2","-21.1","-7.6","10.2","-7.5","17.9","-4.7","2.3","-103.7","-12.3","-8.5","24.4","18.9","-0.9","7.5","-32.4","-15.7","-11.5","-22.4","5","12.1","21.9","0.6","-8.1",2021-07-01
