"AR","AT","AU","BE","BR","CA","CH","CL","CN","CO","CZ","DE","DK","ES","FI","FR","UK","GR","HK","HU","ID","IE","IL","IN","IT","JP","KR","LU","MX","MY","NL","NO","NZ","PL","PT","RU","SA","SE","SG","TH","TR","US","XM","ZA","date"
NA,NA,NA,NA,NA,NA,NA,NA,NA,NA,NA,NA,NA,NA,NA,NA,NA,NA,NA,NA,NA,NA,NA,NA,NA,NA,NA,NA,NA,NA,NA,NA,NA,NA,NA,NA,NA,NA,NA,NA,NA,"47.1",NA,NA,1947-10-01
NA,NA,NA,NA,NA,NA,NA,NA,NA,NA,NA,NA,NA,NA,NA,NA,NA,NA,NA,NA,NA,NA,NA,NA,NA,NA,NA,NA,NA,NA,NA,NA,NA,NA,NA,NA,NA,NA,NA,NA,NA,"47.6",NA,NA,1948-01-01
NA,NA,NA,NA,NA,NA,NA,NA,NA,NA,NA,NA,NA,NA,NA,NA,NA,NA,NA,NA,NA,NA,NA,NA,NA,NA,NA,NA,NA,NA,NA,NA,NA,NA,NA,NA,NA,NA,NA,NA,NA,"47.9",NA,NA,1948-04-01
NA,NA,NA,NA,NA,NA,NA,NA,NA,NA,NA,NA,NA,NA,NA,NA,NA,NA,NA,NA,NA,NA,NA,NA,NA,NA,NA,NA,NA,NA,NA,NA,NA,NA,NA,NA,NA,NA,NA,NA,NA,"48",NA,NA,1948-07-01
NA,NA,NA,NA,NA,NA,NA,NA,NA,NA,NA,NA,NA,NA,NA,NA,NA,NA,NA,NA,NA,NA,NA,NA,NA,NA,NA,NA,NA,NA,NA,NA,NA,NA,NA,NA,NA,NA,NA,NA,NA,"48.6",NA,NA,1948-10-01
NA,NA,NA,NA,NA,NA,NA,NA,NA,NA,NA,NA,NA,NA,NA,NA,NA,NA,NA,NA,NA,NA,NA,NA,NA,NA,NA,NA,NA,NA,NA,NA,NA,NA,NA,NA,NA,NA,NA,NA,NA,"49.2",NA,NA,1949-01-01
NA,NA,NA,NA,NA,NA,NA,NA,NA,NA,NA,NA,NA,NA,NA,NA,NA,NA,NA,NA,NA,NA,NA,NA,NA,NA,NA,NA,NA,NA,NA,NA,NA,NA,NA,NA,NA,NA,NA,NA,NA,"50.2",NA,NA,1949-04-01
NA,NA,NA,NA,NA,NA,NA,NA,NA,NA,NA,NA,NA,NA,NA,NA,NA,NA,NA,NA,NA,NA,NA,NA,NA,NA,NA,NA,NA,NA,NA,NA,NA,NA,NA,NA,NA,NA,NA,NA,NA,"51.5",NA,NA,1949-07-01
NA,NA,NA,NA,NA,NA,NA,NA,NA,NA,NA,NA,NA,NA,NA,NA,NA,NA,NA,NA,NA,NA,NA,NA,NA,NA,NA,NA,NA,NA,NA,NA,NA,NA,NA,NA,NA,NA,NA,NA,NA,"52.9",NA,NA,1949-10-01
NA,NA,NA,NA,NA,NA,NA,NA,NA,NA,NA,NA,NA,NA,NA,NA,NA,NA,NA,NA,NA,NA,NA,NA,NA,NA,NA,NA,NA,NA,NA,NA,NA,NA,NA,NA,NA,NA,NA,NA,NA,"54.7",NA,NA,1950-01-01
NA,NA,NA,NA,NA,NA,NA,NA,NA,NA,NA,NA,NA,NA,NA,NA,NA,NA,NA,NA,NA,NA,NA,NA,NA,NA,NA,NA,NA,NA,NA,NA,NA,NA,NA,NA,NA,NA,NA,NA,NA,"55.8",NA,NA,1950-04-01
NA,NA,NA,NA,NA,NA,NA,NA,NA,NA,NA,NA,NA,NA,NA,NA,NA,NA,NA,NA,NA,NA,NA,NA,NA,NA,NA,NA,NA,NA,NA,NA,NA,NA,NA,NA,NA,NA,NA,NA,NA,"56.1",NA,NA,1950-07-01
NA,NA,NA,NA,NA,NA,NA,NA,NA,NA,NA,NA,NA,NA,NA,NA,NA,NA,NA,NA,NA,NA,NA,NA,NA,NA,NA,NA,NA,NA,NA,NA,NA,NA,NA,NA,NA,NA,NA,NA,NA,"55.7",NA,NA,1950-10-01
NA,NA,NA,NA,NA,NA,NA,NA,NA,NA,NA,NA,NA,NA,NA,NA,NA,NA,NA,NA,NA,NA,NA,NA,NA,NA,NA,NA,NA,NA,NA,NA,NA,NA,NA,NA,NA,NA,NA,NA,NA,"54.8",NA,NA,1951-01-01
NA,NA,NA,NA,NA,NA,NA,NA,NA,NA,NA,NA,NA,NA,NA,NA,NA,NA,NA,NA,NA,NA,NA,"22.7",NA,NA,NA,NA,NA,NA,NA,NA,NA,NA,NA,NA,NA,NA,NA,NA,NA,"54.1",NA,NA,1951-04-01
NA,NA,NA,NA,NA,NA,NA,NA,NA,NA,NA,NA,NA,NA,NA,NA,NA,NA,NA,NA,NA,NA,NA,"21.1",NA,NA,NA,NA,NA,NA,NA,NA,NA,NA,NA,NA,NA,NA,NA,NA,NA,"53.9",NA,NA,1951-07-01
NA,NA,NA,NA,NA,NA,NA,NA,NA,NA,NA,NA,NA,NA,NA,NA,NA,NA,NA,NA,NA,NA,NA,"20.8",NA,NA,NA,NA,NA,NA,NA,NA,NA,NA,NA,NA,NA,NA,NA,NA,NA,"54",NA,NA,1951-10-01
NA,NA,NA,NA,NA,NA,NA,NA,NA,NA,NA,NA,NA,NA,NA,NA,NA,NA,NA,NA,NA,NA,NA,"20.9",NA,NA,NA,NA,NA,NA,NA,NA,NA,NA,NA,NA,NA,NA,NA,NA,NA,"53.6",NA,NA,1952-01-01
NA,NA,NA,NA,NA,NA,NA,NA,NA,NA,NA,NA,NA,NA,NA,NA,NA,NA,NA,NA,NA,NA,NA,"21.1",NA,NA,NA,NA,NA,NA,NA,NA,NA,NA,NA,NA,NA,NA,NA,NA,NA,"54.8",NA,NA,1952-04-01
NA,NA,NA,NA,NA,NA,NA,NA,NA,NA,NA,NA,NA,NA,NA,NA,NA,NA,NA,NA,NA,NA,NA,"20.8",NA,NA,NA,NA,NA,NA,NA,NA,NA,NA,NA,NA,NA,NA,NA,NA,NA,"55.6",NA,NA,1952-07-01
NA,NA,NA,NA,NA,NA,NA,NA,NA,NA,NA,NA,NA,NA,NA,NA,NA,NA,NA,NA,NA,NA,NA,"20.6",NA,NA,NA,NA,NA,NA,NA,NA,NA,NA,NA,NA,NA,NA,NA,NA,NA,"56.7",NA,NA,1952-10-01
NA,NA,NA,NA,NA,NA,NA,NA,NA,NA,NA,NA,NA,NA,NA,NA,NA,NA,NA,NA,NA,NA,NA,"20.8",NA,NA,NA,NA,NA,NA,NA,NA,NA,NA,NA,NA,NA,NA,NA,NA,NA,"56.6",NA,NA,1953-01-01
NA,NA,NA,NA,NA,NA,NA,NA,NA,NA,NA,NA,NA,NA,NA,NA,NA,NA,NA,NA,NA,NA,NA,"20.5",NA,NA,NA,NA,NA,NA,NA,NA,NA,NA,NA,NA,NA,NA,NA,NA,NA,"57.1",NA,NA,1953-04-01
NA,NA,NA,NA,NA,NA,NA,NA,NA,NA,NA,NA,NA,NA,NA,NA,NA,NA,NA,NA,NA,NA,NA,"19.2",NA,NA,NA,NA,NA,NA,NA,NA,NA,NA,NA,NA,NA,NA,NA,NA,NA,"57.3",NA,NA,1953-07-01
NA,NA,NA,NA,NA,NA,NA,NA,NA,NA,NA,NA,NA,NA,NA,NA,NA,NA,NA,NA,NA,NA,NA,"19.4",NA,NA,NA,NA,NA,NA,NA,NA,NA,NA,NA,NA,NA,NA,NA,NA,NA,"58",NA,NA,1953-10-01
NA,NA,NA,NA,NA,NA,NA,NA,NA,NA,NA,NA,NA,NA,NA,NA,NA,NA,NA,NA,NA,NA,NA,"20.2",NA,NA,NA,NA,NA,NA,NA,NA,NA,NA,NA,NA,NA,NA,NA,NA,NA,"58.4",NA,NA,1954-01-01
NA,NA,NA,NA,NA,NA,NA,NA,NA,NA,NA,NA,NA,NA,NA,NA,NA,NA,NA,NA,NA,NA,NA,"20.6",NA,NA,NA,NA,NA,NA,NA,NA,NA,NA,NA,NA,NA,NA,NA,NA,NA,"59.9",NA,NA,1954-04-01
NA,NA,NA,NA,NA,NA,NA,NA,NA,NA,NA,NA,NA,NA,NA,NA,NA,NA,NA,NA,NA,NA,NA,"20.9",NA,NA,NA,NA,NA,NA,NA,NA,NA,NA,NA,NA,NA,NA,NA,NA,NA,"61.3",NA,NA,1954-07-01
NA,NA,NA,NA,NA,NA,NA,NA,NA,NA,NA,NA,NA,NA,NA,NA,NA,NA,NA,NA,NA,NA,NA,"22",NA,NA,NA,NA,NA,NA,NA,NA,NA,NA,NA,NA,NA,NA,NA,NA,NA,"62.5",NA,NA,1954-10-01
NA,NA,NA,NA,NA,NA,NA,NA,NA,NA,NA,NA,NA,NA,NA,NA,NA,NA,NA,NA,NA,NA,NA,"23.2",NA,NA,NA,NA,NA,NA,NA,NA,NA,NA,NA,NA,NA,NA,NA,NA,NA,"62.6",NA,NA,1955-01-01
NA,NA,NA,NA,NA,NA,NA,NA,NA,NA,NA,NA,NA,NA,NA,NA,NA,NA,NA,NA,NA,NA,NA,"24",NA,NA,NA,NA,NA,NA,NA,NA,NA,NA,NA,NA,NA,NA,NA,NA,NA,"63.8",NA,NA,1955-04-01
NA,NA,NA,NA,NA,NA,NA,NA,NA,NA,NA,NA,NA,NA,NA,NA,NA,NA,NA,NA,NA,NA,NA,"23.8",NA,NA,NA,NA,NA,NA,NA,NA,NA,NA,NA,NA,NA,NA,NA,NA,NA,"64.2",NA,NA,1955-07-01
NA,NA,NA,NA,NA,"75.8",NA,NA,NA,NA,NA,NA,NA,NA,NA,NA,NA,NA,NA,NA,NA,NA,NA,"24.2",NA,NA,NA,NA,NA,NA,NA,NA,NA,NA,NA,NA,NA,NA,NA,NA,NA,"65.2",NA,NA,1955-10-01
NA,NA,NA,NA,NA,"75.8",NA,NA,NA,NA,NA,NA,NA,NA,NA,NA,NA,NA,NA,NA,NA,NA,NA,"24.5",NA,NA,NA,NA,NA,NA,NA,NA,NA,NA,NA,NA,NA,NA,NA,NA,NA,"65.3",NA,NA,1956-01-01
NA,NA,NA,NA,NA,"78.6",NA,NA,NA,NA,NA,NA,NA,NA,NA,NA,NA,NA,NA,NA,NA,NA,NA,"23.5",NA,NA,NA,NA,NA,NA,NA,NA,NA,NA,NA,NA,NA,NA,NA,NA,NA,"66.5",NA,NA,1956-04-01
NA,NA,NA,NA,NA,"77",NA,NA,NA,NA,NA,NA,NA,NA,NA,NA,NA,NA,NA,NA,NA,NA,NA,"21.9",NA,NA,NA,NA,NA,NA,NA,NA,NA,NA,NA,NA,NA,NA,NA,NA,NA,"67.1",NA,NA,1956-07-01
NA,NA,NA,NA,NA,"76.3",NA,NA,NA,NA,NA,NA,NA,NA,NA,NA,NA,NA,NA,NA,NA,NA,NA,"21.7",NA,NA,NA,NA,NA,NA,NA,NA,NA,NA,NA,NA,NA,NA,NA,NA,NA,"67.9",NA,NA,1956-10-01
NA,NA,NA,NA,NA,"73.4",NA,NA,NA,NA,NA,NA,NA,NA,NA,NA,NA,NA,NA,NA,NA,NA,NA,"22.6",NA,NA,NA,NA,NA,NA,NA,NA,NA,NA,NA,NA,NA,NA,NA,NA,NA,"67.7",NA,NA,1957-01-01
NA,NA,NA,NA,NA,"73.9",NA,NA,NA,NA,NA,NA,NA,NA,NA,NA,NA,NA,NA,NA,NA,NA,NA,"23.3",NA,NA,NA,NA,NA,NA,NA,NA,NA,NA,NA,NA,NA,NA,NA,NA,NA,"68.7",NA,NA,1957-04-01
NA,NA,NA,NA,NA,"73.2",NA,NA,NA,NA,NA,NA,NA,NA,NA,NA,NA,NA,NA,NA,NA,NA,NA,"22.8",NA,NA,NA,NA,NA,NA,NA,NA,NA,NA,NA,NA,NA,NA,NA,NA,NA,"68.8",NA,NA,1957-07-01
NA,NA,NA,NA,NA,"73.7",NA,NA,NA,NA,NA,NA,NA,NA,NA,NA,NA,NA,NA,NA,NA,NA,NA,"23.2",NA,NA,NA,NA,NA,NA,NA,NA,NA,NA,NA,NA,NA,NA,NA,NA,NA,"69.5",NA,NA,1957-10-01
NA,NA,NA,NA,NA,"72.2",NA,NA,NA,NA,NA,NA,NA,NA,NA,NA,NA,NA,NA,NA,NA,NA,NA,"24",NA,NA,NA,NA,NA,NA,NA,NA,NA,NA,NA,NA,NA,NA,NA,NA,NA,"69.9",NA,NA,1958-01-01
NA,NA,NA,NA,NA,"71.1",NA,NA,NA,NA,NA,NA,NA,NA,NA,NA,NA,NA,NA,NA,NA,NA,NA,"23.5",NA,NA,NA,NA,NA,NA,NA,NA,NA,NA,NA,NA,NA,NA,NA,NA,NA,"71.1",NA,NA,1958-04-01
NA,NA,NA,NA,NA,"71",NA,NA,NA,NA,NA,NA,NA,NA,NA,NA,NA,NA,NA,NA,NA,NA,NA,"22.6",NA,NA,NA,NA,NA,NA,NA,NA,NA,NA,NA,NA,NA,NA,NA,NA,NA,"72",NA,NA,1958-07-01
NA,NA,NA,NA,NA,"73",NA,NA,NA,NA,NA,NA,NA,NA,NA,NA,NA,NA,NA,NA,NA,NA,NA,"22.8",NA,NA,NA,NA,NA,NA,NA,NA,NA,NA,NA,NA,NA,NA,NA,NA,NA,"73.3",NA,NA,1958-10-01
NA,NA,NA,NA,NA,"74.2",NA,NA,NA,NA,NA,NA,NA,NA,NA,NA,NA,NA,NA,NA,NA,NA,NA,"23.8",NA,NA,NA,NA,NA,NA,NA,NA,NA,NA,NA,NA,NA,NA,NA,NA,NA,"72.6",NA,NA,1959-01-01
NA,NA,NA,NA,NA,"78.1",NA,NA,NA,NA,NA,NA,NA,NA,NA,NA,NA,NA,NA,NA,NA,NA,NA,"24.2",NA,NA,NA,NA,NA,NA,NA,NA,NA,NA,NA,NA,NA,NA,NA,NA,NA,"73.2",NA,NA,1959-04-01
NA,NA,NA,NA,NA,"81.5",NA,NA,NA,NA,NA,NA,NA,NA,NA,NA,NA,NA,NA,NA,NA,NA,NA,"23.9",NA,NA,NA,NA,NA,NA,NA,NA,NA,NA,NA,NA,NA,NA,NA,NA,NA,"73.5",NA,NA,1959-07-01
NA,NA,NA,NA,NA,"79.9",NA,NA,NA,NA,NA,NA,NA,NA,NA,NA,NA,NA,NA,NA,NA,NA,NA,"24.3",NA,NA,NA,NA,NA,NA,NA,NA,NA,NA,NA,NA,NA,NA,NA,NA,NA,"74.6",NA,NA,1959-10-01
NA,NA,NA,NA,NA,"76.9",NA,NA,NA,NA,NA,NA,NA,NA,NA,NA,NA,NA,NA,NA,NA,NA,NA,"25.1",NA,NA,NA,NA,NA,NA,NA,NA,NA,NA,NA,NA,NA,NA,NA,NA,NA,"74.2",NA,NA,1960-01-01
NA,NA,"52.9",NA,NA,"77.6",NA,NA,NA,NA,NA,NA,NA,NA,NA,NA,NA,NA,NA,NA,NA,NA,NA,"24.9",NA,NA,NA,NA,NA,NA,NA,NA,NA,NA,NA,NA,NA,NA,NA,NA,NA,"75.7",NA,NA,1960-04-01
NA,NA,"52.9",NA,NA,"76.7",NA,NA,NA,NA,NA,NA,NA,NA,NA,NA,NA,NA,NA,NA,NA,NA,NA,"23.8",NA,NA,NA,NA,NA,NA,NA,NA,NA,NA,NA,NA,NA,NA,NA,NA,NA,"76.1",NA,NA,1960-07-01
NA,"30","53.3",NA,NA,"78.7","113.9",NA,NA,NA,NA,"60.9",NA,NA,NA,NA,NA,NA,NA,NA,NA,NA,NA,"23.2","53.6",NA,NA,NA,NA,NA,NA,"115.7","27.9",NA,"63.6",NA,NA,NA,NA,NA,NA,"77.5",NA,NA,1960-10-01
NA,"30.3","53",NA,NA,"76.5","114.3",NA,NA,NA,NA,"61.4",NA,NA,NA,NA,NA,NA,NA,NA,NA,NA,NA,"23.5","55",NA,NA,NA,NA,NA,"39.7","116.7","32.9",NA,"62.7",NA,NA,"106.4",NA,NA,NA,"77.9",NA,NA,1961-01-01
NA,"31.1","53.6",NA,NA,"77.3","114.2",NA,NA,NA,NA,"62.4",NA,NA,NA,NA,NA,NA,NA,NA,NA,NA,NA,"23.1","56.2",NA,NA,NA,NA,NA,"39.3","117.1","30.9",NA,"61.6",NA,NA,"105.3",NA,NA,NA,"79.2",NA,NA,1961-04-01
NA,"31.3","54.3",NA,NA,"77.7","113",NA,NA,NA,NA,"63.5",NA,NA,NA,NA,NA,NA,NA,NA,NA,NA,NA,"22.4","57.2",NA,NA,NA,NA,NA,"40.6","117.3","30.3",NA,"60.4",NA,NA,"104.9",NA,NA,NA,"79.7",NA,NA,1961-07-01
NA,"31.5","55",NA,NA,"79.4","115.4",NA,NA,NA,NA,"64.4",NA,NA,NA,NA,NA,NA,NA,NA,NA,NA,NA,"22.7","57.9",NA,NA,NA,NA,NA,"42.5","117.4","29.1",NA,"59.3",NA,NA,"103.6",NA,NA,NA,"80.5",NA,NA,1961-10-01
NA,"32","55.3",NA,NA,"78","116",NA,NA,NA,NA,"64.8",NA,NA,NA,NA,NA,NA,NA,NA,NA,NA,NA,"23.8","59.3",NA,NA,NA,NA,NA,"44.3","117.3","30.4",NA,"60.4",NA,NA,"103.8",NA,NA,NA,"79.5",NA,NA,1962-01-01
NA,"32.3","55",NA,NA,"82.2","115.3",NA,NA,NA,NA,"65.6",NA,NA,NA,NA,NA,NA,NA,NA,NA,NA,NA,"24","60.6",NA,NA,NA,NA,NA,"44.8","117.3","26.3",NA,"61.6",NA,NA,"104.2",NA,NA,NA,"80.1",NA,NA,1962-04-01
NA,"32.3","54.6",NA,NA,"82.9","114.7",NA,NA,NA,NA,"66",NA,NA,NA,NA,NA,NA,NA,NA,NA,NA,NA,"23.3","61.8",NA,NA,NA,NA,NA,"45.2","117.5","26.3",NA,"62.7",NA,NA,"104.9",NA,NA,NA,"80.3",NA,NA,1962-07-01
NA,"32.5","53.9",NA,NA,"80.3","115.3",NA,NA,NA,NA,"67.1",NA,NA,NA,NA,NA,NA,NA,NA,NA,NA,NA,"23.3","62.9",NA,"26.4",NA,NA,NA,"46.4","117.6","27",NA,"63.7",NA,NA,"105.9",NA,NA,NA,"81.6",NA,NA,1962-10-01
NA,"33.1","53.9",NA,NA,"77.3","113.7",NA,NA,NA,NA,"67.9",NA,NA,NA,NA,"55.4",NA,NA,NA,NA,NA,NA,"23.4","64.3",NA,"27",NA,NA,NA,"47.7","117.5","27.7",NA,"64.6",NA,NA,"108.5",NA,NA,NA,"81.6",NA,NA,1963-01-01
NA,"33.6","54.4",NA,NA,"78.2","114.2",NA,NA,NA,NA,"69.3",NA,NA,NA,NA,"54.7",NA,NA,NA,NA,NA,NA,"23.3","65.4",NA,"27.2",NA,NA,NA,"48","117.4","26.5",NA,"65.3",NA,NA,"110.1",NA,NA,NA,"83.1",NA,NA,1963-04-01
NA,"33.4","54.3",NA,NA,"77.3","113.5",NA,NA,NA,NA,"69.7",NA,NA,NA,NA,"53.9",NA,NA,NA,NA,NA,NA,"22.5","66.2",NA,"26.4",NA,NA,NA,"48.9","117.1","27.4",NA,"66",NA,NA,"110.6",NA,NA,NA,"83.6",NA,NA,1963-07-01
NA,"33.6","54.2",NA,NA,"78.4","114.1",NA,NA,NA,NA,"70.8",NA,NA,NA,NA,"52.7",NA,NA,NA,NA,NA,NA,"22.4","66.9",NA,"23.8",NA,NA,NA,"49.8","116.6","26.4",NA,"66.7",NA,NA,"110.1",NA,NA,NA,"84.8",NA,NA,1963-10-01
NA,"33.6","54.6",NA,NA,"77","117.4",NA,NA,NA,NA,"70",NA,NA,NA,NA,"60",NA,NA,NA,NA,NA,NA,"22.2","66.1",NA,"23",NA,NA,NA,"50.4","116.4","29.4",NA,"68.1",NA,NA,"112.1",NA,NA,NA,"84.3",NA,NA,1964-01-01
NA,"34.3","54.4",NA,NA,"79.3","116.8",NA,NA,NA,NA,"71",NA,NA,NA,NA,"58.7",NA,NA,NA,NA,NA,NA,"21.9","65.9",NA,"22.3",NA,NA,"11","50.9","116","27.3",NA,"69.5",NA,NA,"111.7",NA,NA,NA,"85.2",NA,NA,1964-04-01
NA,"34.8","54.7",NA,NA,"78.9","114.9",NA,NA,NA,NA,"71.7",NA,NA,NA,NA,"57.5",NA,NA,NA,NA,NA,NA,"21.1","66",NA,"21.3",NA,NA,"11.1","51.1","115.4","26.8",NA,"70.8",NA,NA,"111.5",NA,NA,NA,"85.3",NA,NA,1964-07-01
NA,"35.7","54.8",NA,NA,"80","115.6",NA,NA,NA,NA,"72.4",NA,NA,NA,NA,"56.2",NA,NA,NA,NA,NA,NA,"21","66.4","110.8","19.6",NA,NA,"10.9","50.5","114.6","26.1",NA,"71.8",NA,NA,"110.4",NA,NA,NA,"86.4",NA,NA,1964-10-01
NA,"36.6","55.6",NA,NA,"79.3","115.2",NA,NA,NA,NA,"72.5",NA,NA,NA,NA,"62.8",NA,NA,NA,NA,NA,NA,"21.4","67.2","111.6","19.6",NA,NA,"13.8","51.2","113.5","29.6",NA,"72.5",NA,NA,"110.8",NA,NA,NA,"86.3",NA,"60.9",1965-01-01
NA,"37.5","56.5",NA,NA,"82.8","115.5",NA,NA,NA,NA,"73.4",NA,NA,NA,NA,"61.7",NA,NA,NA,NA,NA,NA,"21.9","67.7","111.5","20.5",NA,NA,"13.2","50.8","112.3","28.8",NA,"73",NA,NA,"112",NA,NA,NA,"87.3",NA,"61.5",1965-04-01
NA,"37.6","57.5",NA,NA,"84.2","115.8",NA,NA,NA,NA,"73.6",NA,NA,NA,NA,"60.4",NA,NA,NA,NA,NA,NA,"21.6","68","114","21",NA,NA,"12.7","51.1","111.3","28.6",NA,"73.5",NA,NA,"110.9",NA,NA,NA,"87.3",NA,"60.2",1965-07-01
NA,"38.9","58.8",NA,NA,"85.9","117.1",NA,NA,NA,NA,"74.2",NA,NA,NA,NA,"59.4",NA,NA,NA,NA,NA,NA,"22.1","68","117.8","23.6",NA,NA,"12.3","52","110.4","27.6",NA,"74",NA,NA,"110.7",NA,NA,NA,"87.5",NA,"58.6",1965-10-01
NA,"39.4","59.7",NA,NA,"82.5","116.4",NA,NA,NA,NA,"74.4",NA,NA,NA,NA,"58.5",NA,NA,NA,NA,NA,NA,"22.5","68.8","118.2","24",NA,NA,"13.1","53.9","111","31.6",NA,"73.4",NA,NA,"112.2",NA,NA,NA,"86.8",NA,"55.7",1966-01-01
NA,"40.2","60.4",NA,NA,"82.5","116.8",NA,NA,NA,NA,"75.3",NA,NA,NA,NA,"57.4",NA,NA,NA,NA,NA,NA,"22.6","69.6","116.4","25.1",NA,NA,"12.8","53.5","111.7","30",NA,"73.9",NA,NA,"112.9",NA,NA,NA,"87.5",NA,"55.3",1966-04-01
NA,"40.7","60.6",NA,NA,"81.3","117",NA,NA,NA,NA,"75.2",NA,NA,NA,NA,"63.5",NA,NA,NA,NA,NA,NA,"21.7","70.1","117.5","25.8",NA,NA,"12.8","53.4","112.4","29.6",NA,"76",NA,NA,"112.4",NA,NA,NA,"86.8",NA,"55.8",1966-07-01
NA,"41.4","60.5",NA,NA,"81.2","117.7",NA,NA,NA,NA,"75.5","108.5",NA,NA,NA,"62.4",NA,NA,NA,NA,NA,NA,"21.7","70.8","118.4","26.2",NA,NA,"12.9","53.6","112.9","28.7",NA,"77.6",NA,NA,"112",NA,NA,NA,"86.9",NA,"56.1",1966-10-01
NA,"42","60.4",NA,NA,"81","116.7",NA,NA,NA,NA,"75.7","109.8",NA,NA,NA,"61.3",NA,NA,NA,NA,NA,NA,"21.6","71.6","117.5","27.3",NA,NA,"13.6","54.5","112.6","31.2",NA,"76",NA,NA,"112.1",NA,NA,NA,"86.5",NA,"56.9",1967-01-01
NA,"42.4","60.6",NA,NA,"81.1","117",NA,NA,NA,NA,"77","110.5",NA,NA,NA,"60.4",NA,NA,NA,NA,NA,NA,"21","72.1","117","30.4",NA,NA,"13.7","55.3","112.3","29.6",NA,"75.8",NA,NA,"113",NA,NA,NA,"87.5",NA,"56.9",1967-04-01
NA,"42.4","61.2",NA,NA,"83.1","117",NA,NA,NA,NA,"78.1","110.9",NA,NA,NA,"63.4",NA,NA,NA,NA,NA,NA,"20.1","72.8","118","34.3",NA,NA,"13.7","56.3","112","28.8",NA,"74.9",NA,NA,"113.6",NA,NA,NA,"87.7",NA,"56.7",1967-07-01
NA,"42.4","61.8",NA,NA,"85.8","119.4",NA,NA,NA,NA,"79.4","111",NA,NA,NA,"62.8",NA,NA,NA,NA,NA,NA,"20.3","73.3","119.2","36.2",NA,NA,"13.8","57.9","111.8","27.1",NA,"73.8",NA,NA,"114.7",NA,NA,NA,"89.9",NA,"55.9",1967-10-01
NA,"42.2","62.9",NA,NA,"86.1","121",NA,NA,NA,NA,"79.5","111.9",NA,NA,NA,"61.6",NA,NA,NA,NA,NA,NA,"20.6","74","118.1","35.6",NA,NA,"15.5","58.3","112.2","29.8",NA,"72",NA,NA,"117",NA,NA,NA,"88.3",NA,"55.1",1968-01-01
NA,"42.8","63.8",NA,NA,"87.2","123",NA,NA,NA,NA,"80.4","112.6",NA,NA,NA,"64.2",NA,NA,NA,NA,NA,NA,"21","74.8","116.7","36.4",NA,NA,"15.9","58.8","112.8","31.1",NA,"74",NA,NA,"118.5",NA,NA,NA,"88.9",NA,"54.3",1968-04-01
NA,"42.8","64.3",NA,NA,"87.6","123.1",NA,NA,NA,NA,"80.4","113.1",NA,NA,NA,"62.6",NA,NA,NA,NA,NA,NA,"20.7","75.3","116.7","40.8",NA,NA,"16","60.1","113.4","30",NA,"74.4",NA,NA,"119.8",NA,NA,NA,"88.5",NA,"54.7",1968-07-01
NA,"43.8","64.3",NA,NA,"89.8","125.3",NA,NA,NA,NA,"82.3","113.3",NA,NA,NA,"60.7",NA,NA,NA,NA,NA,NA,"21","75.7","116.9","44.4",NA,NA,"16.1","61.7","113.9","28.8",NA,"77.2",NA,NA,"121.1",NA,NA,NA,"89.2",NA,"55.3",1968-10-01
NA,"44.2","64",NA,NA,"84.2","126.9",NA,NA,NA,NA,"82.3","114.3",NA,NA,NA,"59.5",NA,NA,NA,NA,NA,NA,"21.8","76.2","116.4","48.5",NA,NA,"16.6","61.7","115.7","31.7",NA,"76.5",NA,NA,"122.8",NA,NA,NA,"88.2",NA,"56.3",1969-01-01
NA,"45.6","63.5",NA,NA,"85.7","129.9",NA,NA,NA,NA,"82.4","115.1",NA,NA,NA,"61.7",NA,NA,NA,NA,NA,NA,"22.2","76.5","116","53.1",NA,NA,"16","62.7","117.2","29.6",NA,"79.2",NA,NA,"124.9",NA,NA,NA,"89.3",NA,"56",1969-04-01
NA,"46","62.9",NA,NA,"86.1","131.5",NA,NA,NA,NA,"82.4","115.8",NA,NA,NA,"60.5",NA,NA,NA,NA,NA,NA,"21.3","76.8","116.5","55.3",NA,NA,"16","63.1","118.2","29.5",NA,"80.5",NA,NA,"123.1",NA,NA,NA,"89",NA,"56.3",1969-07-01
NA,"46.8","62.7",NA,NA,"86.5","130.4",NA,NA,NA,NA,"84.7","116.6",NA,NA,"95.9","59.4",NA,NA,NA,NA,NA,NA,"21.6","77.8","118.8","54",NA,NA,"18.2","64.2","118.6","30.3",NA,"85.6",NA,NA,"118.9",NA,NA,NA,"89.8",NA,"56.8",1969-10-01
NA,"47","62.3",NA,NA,"85","129.5",NA,NA,NA,NA,"83.8","116.9","67",NA,"94.5","58",NA,NA,NA,NA,NA,NA,"22.2","78.2","116.4","51.4",NA,NA,"19.4","65.6","117.6","33",NA,"84.2",NA,NA,"118.7",NA,NA,NA,"89",NA,"56.9",1970-01-01
NA,"47.7","61.8",NA,NA,"84.9","129.5",NA,NA,NA,NA,"83.5","117.5","67.3",NA,"94.1","59.4",NA,NA,NA,NA,NA,NA,"23.1","78.4","115.6","52.1",NA,NA,"19.7","66","116.2","31.8",NA,"86.4",NA,NA,"116.8",NA,NA,NA,"90",NA,"56.9",1970-04-01
NA,"47.6","61.8",NA,NA,"85.5","128.3",NA,NA,NA,NA,"82.8","118.1","67.5",NA,"93.8","57.6",NA,NA,NA,NA,NA,NA,"23.1","78.2","116.1","53.7",NA,NA,"20.3","65.5","114.7","32",NA,"88.1",NA,NA,"113.5",NA,NA,NA,"90.4",NA,"57.3",1970-07-01
NA,"48.7","61.8","77.7",NA,"86.1","129.5",NA,NA,NA,NA,"83.7","118.7","69.7","89.3","99.1","58.6","34.9",NA,"35.4",NA,NA,NA,"23.9","77.6","118.8","55.1",NA,NA,"20.7","66.2","113.4","31.1",NA,"86.6",NA,NA,"111.9","81.2","37",NA,"91.2",NA,"58.1",1970-10-01
NA,"48.6","61.7","77.3",NA,"86.5","128",NA,NA,NA,NA,"82.3","118.8","69.9","85.4","98.7","56.9","35.4",NA,"36.3",NA,NA,NA,"25","78.2","120","56",NA,NA,"21.7","65.3","113.2","34.2",NA,"85.5",NA,NA,"110.6","82.5","37.7",NA,"90.7",NA,"57.5",1971-01-01
NA,"50.2","61.8","78.1",NA,"87.7","127.5",NA,NA,NA,NA,"82.8","118.7","70.5","82.6","99.7","55.3","37",NA,"37.4",NA,"79.9",NA,"24.5","79.4","122.3","56.2",NA,NA,"21.7","65.2","113.3","32.2",NA,"87.5",NA,NA,"111.4","80.3","37.7",NA,"91.6",NA,"58.5",1971-04-01
NA,"50.3","61.3","77.7",NA,"88.9","124.7",NA,NA,NA,NA,"83.6","118.5","70.2","81.3","99.9","56.2","37.6",NA,"38.4",NA,"80",NA,"24.4","80.7","126.2","58.3",NA,NA,"22.5","65.7","113.4","30.6",NA,"89.5",NA,NA,"110.5","82.6","38.6",NA,"91.9",NA,"57.3",1971-07-01
NA,"52.3","61.2","78.7",NA,"89.8","124.8",NA,NA,NA,NA,"85.5","118","71.7","81.1","103.2","57.2","38.6",NA,"39.4",NA,"79",NA,"25.5","81.9","131.9","58.5",NA,NA,"22.3","66.9","113.6","29.5",NA,"95.6",NA,NA,"111.1","82.8","39.2",NA,"92.3",NA,"55.4",1971-10-01
NA,"52.4","61.6","77.7",NA,"90","122.5",NA,NA,NA,NA,"85.3","119.4","71.1","80.9","103.5","60.6","38.9",NA,"39.2",NA,"76.3",NA,"25.9","82.8","132.7","59.1",NA,NA,"22.9","66.7","114.2","31.5",NA,"98.3",NA,NA,"112.2","84.3","38.9",NA,"92.2",NA,"54.8",1972-01-01
NA,"53.5","61.7","78.6",NA,"91","122.6",NA,NA,NA,NA,"86.7","120.4","72.2","81.5","106.2","61.3","40.1",NA,"39.3",NA,"73.4",NA,"26.4","83.8","133.3","59.6",NA,NA,"22.7","68.5","114.8","28.6",NA,"100.5",NA,NA,"113.5","85","38",NA,"93.4",NA,"52.5",1972-04-01
NA,"54","62.1","78.6",NA,"92.1","121.4",NA,NA,NA,NA,"86.9","121.1","72.9","82.3","106.6","64.8","40.6",NA,"39.4",NA,"75.6",NA,"25.4","84.9","136.4","60.3",NA,NA,"23.9","69","115.1","29.4",NA,"102.3",NA,NA,"113.5","89.6","39.4",NA,"93.5",NA,"54.2",1972-07-01
NA,"55.4","62.1","80.6",NA,"93.2","122.3",NA,NA,NA,NA,"89","121.4","74.9","83","109.8","65.1","41.9",NA,"39.2",NA,"73.4",NA,"26.3","85.8","140.8","58",NA,NA,"24","69.8","115.3","29.9",NA,"105.5",NA,NA,"112.3","95.7","40",NA,"94.3",NA,"55.1",1972-10-01
NA,"54.2","64","80.7",NA,"93.5","119.4",NA,NA,NA,NA,"89.2","123.2","75.1","83.2","108.3","64.3","40.9",NA,"39.3",NA,"75",NA,"27.5","86.8","140.4","58.1",NA,NA,"25.3","71.3","115.4","32.9",NA,"108.3",NA,NA,"112.7","105.8","41.1",NA,"94.3",NA,"55.9",1973-01-01
NA,"54.2","65.6","81.5",NA,"94.7","118",NA,NA,NA,NA,"89.5","124.8","76.5","83.9","109.9","66.4","40.4",NA,"39.4",NA,"72",NA,"26.9","86.3","139.2","59",NA,NA,"25.7","73.1","115.3","34.2",NA,"106.6",NA,NA,"112.9","103.6","41.4",NA,"95.2",NA,"57.8",1973-04-01
NA,"53.7","66.4","82",NA,"94.7","117.9",NA,NA,NA,NA,"89.5","126.3","77.4","84","109.6","66","39.1",NA,"39.5",NA,"74.1",NA,"25.6","84.7","139.1","59.1",NA,NA,"26.8","76.4","114.9","35.4",NA,"108",NA,NA,"112.8","104.3","42.8",NA,"95.7",NA,"58.5",1973-07-01
NA,"54.2","66.5","82.3",NA,"95.3","119.1",NA,NA,NA,NA,"90.1","127.8","78.6","83","110.8","64","38.7",NA,"39.8",NA,"75.7",NA,"27","83.1","139.3","59.3",NA,NA,"29.2","78.1","114.2","35.2",NA,"115",NA,NA,"112.7","105.7","44.5",NA,"95.7",NA,"58.5",1973-10-01
NA,"53.5","67.8","81.7",NA,"95.1","117.8",NA,NA,NA,NA,"89.8","128.8","77.2","82.3","108.3","65.1","37.9",NA,"40.7",NA,"78",NA,"27","81.8","137.5","58.9",NA,NA,"29.4","78.8","113.6","39.4",NA,"112.7",NA,NA,"113.8","102.8","43.8",NA,"95.6",NA,"58.5",1974-01-01
NA,"53.4","69.3","80.8",NA,"96.2","116.5",NA,NA,NA,NA,"90.3","129.8","77.3","80.7","107.3","65","38.5",NA,"42",NA,"79.1",NA,"26.9","80.5","135","59.4",NA,NA,"29.9","80.6","112.8","39.5",NA,"109.6",NA,NA,"115.3","99.7","44",NA,"97.2",NA,"58",1974-04-01
NA,"53.2","70.5","79.8",NA,"96.2","116.1",NA,NA,NA,NA,"90.3","131","78.1","80.4","106.3","64.2","39.1",NA,"43.4",NA,"81.2",NA,"25.7","79.1","132.7","61.6",NA,NA,"29.9","82","111.9","39.3",NA,"108.9",NA,NA,"113.5","94.9","45.9",NA,"97.6",NA,"57.3",1974-07-01
NA,"54.5","71.6","79.3",NA,"96.6","112.9",NA,NA,NA,NA,"90.9","132.1","80.1","79.9","108.7","61.4","40.2",NA,"44.6",NA,"84.4",NA,"26.1","77.9","133.1","61.4",NA,NA,"28.1","83","111","38.5",NA,"112.5",NA,NA,"111.3","90.4","46",NA,"97.8",NA,"57.1",1974-10-01
NA,"54.7","71.6","78.5",NA,"97.2","114.3",NA,NA,NA,NA,"90.2","132.9","80.6","80.5","107","59.6","40.3",NA,"44.8",NA,"83.3",NA,"27.6","77.7","132","57.5",NA,NA,"28.9","82.9","114.3","40.4",NA,"111.3",NA,NA,"109.7","88.9","45.4",NA,"96.4",NA,"57.2",1975-01-01
NA,"56.3","71.1","79.4",NA,"98.5","117.3",NA,NA,NA,NA,"90.8","133.6","81.5","80.5","106.3","59.4","41.2",NA,"45.1",NA,"80.1",NA,"27.7","78","132.1","56.2",NA,NA,"28.7","83.2","116","39.2",NA,"112.7",NA,NA,"108.8","88.9","46.6",NA,"96.3",NA,"56.4",1975-04-01
NA,"56.7","71.1","79.8",NA,"99","118.9",NA,NA,NA,NA,"91","133.9","81.8","81.2","105.9","56.6","41.6",NA,"45.3",NA,"80.1",NA,"28","78.6","134.1","55.8",NA,NA,"29.4","83.6","116","39.8",NA,"112.4",NA,NA,"105.9","93.8","48.5",NA,"95.7",NA,"56.2",1975-07-01
NA,"58.1","71","82.5",NA,"99.5","124.9",NA,NA,NA,NA,"92.9","133.6","83.4","82.4","109.5","58","42",NA,"45.5",NA,"79.3",NA,"29.8","78.8","137.4","54.5",NA,NA,"31.4","84.5","118","39.6",NA,"114.6",NA,NA,"105.2","95.2","50.5",NA,"95.4",NA,"55.5",1975-10-01
NA,"58.2","70.9","82.8",NA,"99.4","125",NA,NA,NA,NA,"91.6","132.6","82.8","82.9","108.1","57.8","41.5",NA,"46.4","26.2","75.9",NA,"31.9","78.3","137.1","53.8",NA,NA,"33","84.7","119.5","40.1",NA,"111.4",NA,NA,"104.6","94.9","51.8",NA,"93.8",NA,"55.1",1976-01-01
NA,"59.5","70.7","83.2",NA,"99.3","127.2",NA,NA,NA,NA,"91.9","131.2","84.1","83.7","107.2","57.3","42.3",NA,"47.4","26.4","74.4",NA,"32.3","74.4","136.5","51.7",NA,NA,"33.8","87.3","121.3","37.7",NA,"110",NA,NA,"106.8","92.9","50.4",NA,"93.8",NA,"54.2",1976-04-01
NA,"60.6","70.4","83.1",NA,"99.6","127.4",NA,NA,NA,NA,"91.7","129.9","84.1","83.2","106.3","57.5","42.5",NA,"48.5","26.3","73.7",NA,"33","72.9","136.8","52.3",NA,NA,"34.7","88.5","122.3","39",NA,"108",NA,NA,"106.7","94.5","50.4",NA,"93.8",NA,"54",1976-07-01
NA,"64","70.3","84.2",NA,"100.5","132.3",NA,NA,NA,NA,"92.8","128.9","85","83.9","107.6","58.4","43.1",NA,"49.4","26.1","74.1",NA,"35.6","71.8","138.5","51.5",NA,NA,"34.3","89.4","123.3","39.4",NA,"116.2",NA,NA,"103.3","97.4","51.2",NA,"94.4",NA,"54.4",1976-10-01
NA,"63.1","69.6","84",NA,"102","131.1",NA,NA,NA,NA,"91.7","129.2","83.9","83.3","105.9","56.4","43.2",NA,"50","25.7","71.2",NA,"35.4","70.3","137.1","51.1",NA,NA,"34.7","90.7","125.7","42.2",NA,"112.2",NA,NA,"103.4","97.8","54.3",NA,"94.5",NA,"53.4",1977-01-01
NA,"64.7","69.1","85.8",NA,"104","133.4",NA,NA,NA,NA,"92.6","129.3","82.8","84","105.7","56.5","44.5",NA,"50.7","25.2","69.4",NA,"34.6","68.5","135.7","51.6",NA,NA,"34.5","93.2","127.9","41.1",NA,"107.7",NA,NA,"105.6","97","54.3",NA,"95.7",NA,"53.4",1977-04-01
NA,"65.2","68.9","86.5",NA,"105.3","134",NA,NA,NA,NA,"92.9","128.7","80.8","85.7","105.9","56","44.9",NA,"51.4","24.6","68.5",NA,"34.3","67.7","136.1","53",NA,NA,"35.1","95","129.3","41.5",NA,"107.6",NA,NA,"105.5","99.1","55.8",NA,"96",NA,"52.8",1977-07-01
NA,"66.5","69.1","89.1",NA,"106.1","140.3",NA,NA,NA,NA,"94.4","128.3","80.3","88.8","107.9","56.1","46.1",NA,"52","23.8","69.4",NA,"35.6","68.3","137","52.2",NA,NA,"35","99.3","132.3","40.6",NA,"112.5",NA,NA,"105.6","98.8","56.8",NA,"96.9",NA,"51.3",1977-10-01
NA,"66.7","69.6","88.5",NA,"107.2","137.8",NA,NA,NA,NA,"92.8","127.7","78.1","87.6","110.2","56","46.4",NA,"52.9","23.7","67.9",NA,"35.4","64.2","135.6","54.1",NA,NA,"36","101.9","133.2","43.3",NA,"109.6",NA,NA,"105.8","99.5","59.5",NA,"96.9",NA,"51",1978-01-01
NA,"68.3","71.6","91.1",NA,"108.2","139.7",NA,NA,NA,NA,"93.7","127","77.1","87.5","109","56.5","46.8",NA,"54.3","24.1","66.5",NA,"36.2","61.3","134","55.9",NA,NA,"36.2","105.5","133.9","44.4",NA,"111.2",NA,NA,"106.2","99.8","58.9",NA,"98",NA,"52.3",1978-04-01
NA,"69.9","71.5","92",NA,"109.3","140.1",NA,NA,NA,NA,"93.7","126.7","75.5","87.9","106.7","55.7","45.9",NA,"55.6","24.2","69.9",NA,"36.2","60.9","134.1","55.9",NA,NA,"37.3","108","133.9","44.9",NA,"110.1",NA,NA,"105.1","102.9","59.7",NA,"98.3",NA,"52.2",1978-07-01
NA,"72.4","72.1","93.7",NA,"110.5","146.1",NA,NA,NA,NA,"95.5","126.6","75.2","89","107.4","55.5","46.5","99.9","56.7","26.9","74.9",NA,"39.4","62.3","136","56.4",NA,NA,"39","112.2","133.8","45.8",NA,"110.8",NA,NA,"105.4","102.3","61.7",NA,"98.3",NA,"51.6",1978-10-01
NA,"72.3","71.5","93.9",NA,"112","144.1",NA,NA,NA,NA,"95.1","126.2","74.9","87","105.9","56.2","45.7","100.9","57.1","26.1","74.4",NA,"39.3","60.3","134.6","56.9",NA,NA,"40.5","114.9","133.5","45.9",NA,"108",NA,NA,"105.5","102.1","65",NA,"97.6",NA,"50.6",1979-01-01
NA,"74","73.3","96.8",NA,"113.4","146.2",NA,NA,NA,NA,"96.1","126.1","74.5","85.9","106.3","56.8","45.6","101.1","57.7","24.9","76",NA,"40.4","58.5","134","57.4",NA,NA,"42.2","117.2","132.8","47.7",NA,"108.3",NA,NA,"106.5","102.7","64.5",NA,"99",NA,"50.2",1979-04-01
NA,"74.8","73.7","98.6",NA,"114.4","145.8",NA,NA,NA,NA,"95.9","126.3","74.2","85.8","105.4","56.3","44.7","99.6","58.2","24.1","73.7",NA,"41","57.5","135.7","60.5",NA,NA,"41.8","118.6","130.8","48.1",NA,"106.6",NA,NA,"105.9","104.8","64.2",NA,"99.9",NA,"50.7",1979-07-01
NA,"77.3","73.7","99.5",NA,"114.7","149.3",NA,NA,NA,NA,"97.4","125.9","74.9","87.4","106.9","55.7","44.5","100.6","58.8","21.9","75.5",NA,"42.5","59.2","138.5","62.6",NA,NA,"42.7","122.3","129.9","48.3",NA,"108",NA,NA,"105","109.8","63.8",NA,"100.5",NA,"49.7",1979-10-01
NA,"77.3","74.4","88.8",NA,"115.1","149.5",NA,NA,NA,NA,"96.1","124.9","74.7","87.4","105.3","56.9","44.5","94.6","58.9","20","74.4",NA,"42.6","57","139","69.4",NA,NA,"46.1","122.3","126.7","49.2",NA,"108.1",NA,NA,"104.6","112","61.5",NA,"100.6",NA,"48",1980-01-01
NA,"78.9","76.3","89.2",NA,"116.2","151.1",NA,NA,NA,NA,"97.4","124.7","74.9","88.2","106.8","57.2","44","83.7","59.3","19.5","73.9",NA,"41.2","57.1","139","71.7",NA,NA,"48.8","123.5","124.8","47.7",NA,"106.8",NA,NA,"104.5","110.6","57.7",NA,"100.2",NA,"46.8",1980-04-01
NA,"80.2","76.1","87.8",NA,"116.5","150.9",NA,NA,NA,NA,"97.9","125.3","75.3","88","106.5","56.9","43.7","100.4","59.8","19.3","76.1",NA,"39.9","54.7","139.1","75",NA,NA,"48.6","124.3","125.2","48.4",NA,"106.1",NA,NA,"102.9","114.4","55.6",NA,"100.7",NA,"46.6",1980-07-01
NA,"81.2","76.4","88.4",NA,"117.4","154.7",NA,NA,NA,NA,"101.2","126","76.7","87.3","108","56.8","45.3","109.3","60.1","19.3","79.6",NA,"41.7","58.2","140.1","77.6",NA,"34.4","50.5","126.6","124.5","50.3",NA,"110.7",NA,NA,"100.6","117.1","58.1",NA,"101.3",NA,"47.5",1980-10-01
NA,"81.9","76.8","88.4",NA,"118.1","154.1",NA,NA,NA,NA,"102.1","127","76.9","87","108.3","56.6","45.4","114.7","60.2","19.2","78.6",NA,"42.4","57.7","139.4","78.2",NA,"33.7","52.1","126.7","125.8","52.1",NA,"113.4",NA,NA,"100.9","118.3","61.4",NA,"99.9",NA,"51.2",1981-01-01
NA,"83.3","78.7","88.4",NA,"119.9","157",NA,NA,NA,NA,"103.5","128.3","78.1","87.5","108","56.6","46.2","124.4","60.2","19.9","80.3",NA,"41.8","57","138.3","80",NA,"34.2","53.7","128","123.7","54.5",NA,"117.8",NA,NA,"101.3","121.8","61.4",NA,"100.1",NA,"52.6",1981-04-01
NA,"83.6","78.8","87.8",NA,"121.1","155.7",NA,NA,NA,NA,"104","126.4","79","88.6","107.7","58.2","47.2","126.9","60.3","21.2","81.2",NA,"41.2","56","140.1","80.9",NA,"34.4","55","127.6","122.2","55.8",NA,"118.9",NA,NA,"101.9","126.5","59.9",NA,"99.4",NA,"53.3",1981-07-01
NA,"84.9","79.1","91.2",NA,"120","152.6",NA,NA,NA,NA,"105.2","124.6","81.5","89.3","108.5","60.8","48.8","126.7","60.1","22.3","82",NA,"43.1","57.9","143.5","83.4",NA,"35.9","57.2","128.2","122.2","57.7",NA,"121.1",NA,NA,"102.5","128","59.3",NA,"99.3",NA,"53.6",1981-10-01
NA,"84.3","80.3","90.2",NA,"120","146.9",NA,NA,NA,NA,"104.2","123.1","80.9","90.8","107.2","61.2","47.2","132.5","60.2","23.2","81.5",NA,"43.3","55.1","143.9","84.5",NA,"38.5","57.9","128.3","123.7","56.9",NA,"122.7",NA,NA,"103.4","127.4","62.9",NA,"99.6",NA,"54.7",1982-01-01
NA,"84.4","81.4","88.9",NA,"119.7","146.5",NA,NA,NA,NA,"105.2","121.8","81.4","92.1","106.9","63.3","46.5","138.1","60.5","27.6","79.9",NA,"42.8","53.8","143.8","84.3",NA,"35.9","59.1","127.1","126.7","60.2",NA,"125.8",NA,NA,"104.3","126.2","62.5",NA,"100.5",NA,"55.2",1982-04-01
NA,"83.9","82.4","86.4",NA,"118.7","150.5",NA,NA,NA,NA,"106.2","119.3","81.5","93.6","106.4","64.1","46.8","140.7","60.8","26.8","82.6",NA,"42.7","53.5","146.2","87.3",NA,"34.1","59","127.9","128.6","57.9",NA,"126.5",NA,NA,"105","130.4","61.8",NA,"101.1",NA,"56.2",1982-07-01
NA,"84","83","89.7",NA,"116.7","152.8",NA,NA,NA,NA,"108.1","117.1","82.6","93.4","108.6","65.7","48.7","144.2","61.3","26.9","77.3",NA,"46.2","55.6","149.2","93.5",NA,"30.2","62.1","127.6","130.2","59",NA,"129.1",NA,NA,"105.4","136.1","63.6",NA,"101.8",NA,"56.5",1982-10-01
NA,"82","85","88.5",NA,"115.2","152.5","75.9",NA,NA,NA,"106.6","115.7","82.2","94.5","108.4","66.6","47","148","62.7","26.5","76.3",NA,"45.7","54","151.2","94.8",NA,"27.1","65","129.6","131.1","58.6",NA,"129.1",NA,NA,"105.3","136.4","67",NA,"101.6",NA,"56.5",1983-01-01
NA,"82.1","86.8","87.5",NA,"113.3","155.1","73.4",NA,NA,NA,"107.7","116.1","82.1","94.7","109.1","67.6","46.8","148.6","63.3","25.2","76.5",NA,"44.7","52.7","151","96.2",NA,"26.3","65.2","128.8","131.7","59.9",NA,"132",NA,NA,"105.1","139.4","69.2",NA,"102.4",NA,"55.3",1983-04-01
NA,"81.7","86","86.9",NA,"111.3","155.9","69.7",NA,NA,NA,"108.1","115.8","81","95.5","108.7","68","46.1","157.1","63.7","25.1","76.2",NA,"44.1","51.5","152.9","94.7",NA,"23.7","67.2","128.5","131","61.3",NA,"130.8",NA,NA,"104.8","138.9","72.4",NA,"102.8",NA,"56.6",1983-07-01
NA,"82.2","86.4","87.6",NA,"109.2","158","70.7",NA,NA,NA,"109.1","117.2","82","94.4","110.7","68.6","48.8","146.9","63.1","24.9","79.1",NA,"46.2","53.9","155.7","95.7",NA,"24.1","70","129.6","132","71.6",NA,"138",NA,NA,"104.3","145.5","77.9",NA,"103.4",NA,"55.9",1983-10-01
NA,"79.9","85.7","85.6",NA,"108.6","155.8","70",NA,NA,NA,"107.6","117.9","79.4","94","110.2","70.7","46.7","141.8","64.8","25.1","79.8",NA,"46.6","53.6","156.6","96.2",NA,"22.6","70.7","130.2","133.9","66.9",NA,"134.1",NA,NA,"104.4","144.8","80.4",NA,"103.1",NA,"57.5",1984-01-01
NA,"81","85.5","84.9",NA,"107.8","157.7","68.7",NA,NA,NA,"108.5","120.5","79.6","93.9","111.3","72.5","46.4","136.7","64","25.4","79.4",NA,"46.8","54.1","155.4","97.5",NA,"24.1","72.5","129.6","136.3","70.7",NA,"135.6",NA,NA,"104.4","144.1","80.2",NA,"104.3",NA,"58.8",1984-04-01
NA,"81.8","86","83.3",NA,"106.9","157","74.9",NA,NA,NA,"108.7","119.7","77.1","94.8","111.6","73.5","45.8","131.4","63.8","26.2","78",NA,"46.1","55","158","98.1",NA,"24.4","74.4","128.9","136.8","80.4",NA,"137.2",NA,NA,"104.6","143.4","81.5",NA,"104.8",NA,"58.8",1984-07-01
"31.3","84.7","87.3","84.1",NA,"106.1","157.5","82.4",NA,NA,NA,"109.8","120.9","79","95.4","113.4","76.1","48.1","130.3","63.3","26.5","77.9",NA,"48.7","57.8","159.4","99.6",NA,"27","74.6","130.2","139.5","80.2",NA,"137",NA,NA,"104.9","144.9","84.5",NA,"106.5",NA,"59.8",1984-10-01
"27.2","83.6","88.5","82.6",NA,"106.5","158.2","84.2",NA,NA,NA,"109.7","121.7","76.1","96.1","111.8","77.7","47.4","127.4","64","26.7","78.6",NA,"48.9","57","160.4","102.3",NA,"27.2","76.2","130.4","140","82",NA,"132.9",NA,NA,"105.2","143.2","87.3",NA,"107.4",NA,"59.3",1985-01-01
"42.7","84.4","91","82.6",NA,"106.2","157","75.8",NA,NA,NA,"109.6","125","76.3","95.9","111.5","76.7","47.4","128.2","65.3","27.2","78",NA,"47.6","55.8","159","105.5",NA,"26.9","77.7","130","140.8","84.9",NA,"129.5",NA,NA,"105.7","143.5","86.5",NA,"109.1",NA,"59.6",1985-04-01
"37.2","84.7","92.2","80.8",NA,"107.6","156.4","75.2",NA,NA,NA,"108.8","125.2","74.6","97","110.3","78.2","46.7","129.5","64.8","28.4","73.8",NA,"47.6","54.4","160.3","108.1",NA,"30.9","81.6","129.5","141.6","86.4",NA,"124.3",NA,NA,"106.3","142.6","85.4",NA,"110.3",NA,"62.8",1985-07-01
"33.9","86","94","80.9",NA,"107.8","158.6","70.6","65.5",NA,NA,"110.1","131.3","75.3","99.5","111.4","77.4","47.2","128.8","64.4","29.4","77.4",NA,"48.7","57.8","162","106.6",NA,"31.6","86.6","129.8","143.2","90.7",NA,"118.4",NA,NA,"106.7","139.8","86.9",NA,"113",NA,"62.1",1985-10-01
"28.2","83.9","94.7","80.2",NA,"108.3","158.2","67.8","64.4",NA,NA,"108.8","131.8","71.8","100.2","111","79.9","46.5","133.2","65.3","29.8","76",NA,"51","54.1","162.3","105.2",NA,"30.8","89.7","131","144.3","97.5",NA,"110.9",NA,NA,"109.2","142.5","87.3","14.9","113.1",NA,"59.6",1986-01-01
"28","84.5","99.4","80.6",NA,"109.8","160.6","62.7","65.8",NA,NA,"108.6","135.9","71.5","102.5","111","81.2","46.1","133.7","66.4","31.4","74.2",NA,"49.5","54.2","161.8","106.6",NA,"34.6","91.3","132.1","153.8","97.3",NA,"106.3",NA,NA,"111.5","141.2","87","16","114.8",NA,"58.6",1986-04-01
"28.7","84.9","103.6","79.3",NA,"110.6","161.8","59.3","66.6",NA,NA,"107.8","139.8","69.7","102.7","109.9","81.8","44.6","134","67.1","37.4","76.1",NA,"48.7","53.8","164.5","105.1",NA,"35.1","95.4","132.1","157.5","100.7",NA,"102.8",NA,NA,"113.8","140.2","86.9","16","116.7",NA,"54.8",1986-07-01
"31.8","87.6","105.3","79.9",NA,"111.8","163.4","58.4","74.1",NA,NA,"107.7","147.7","70.6","102.4","108.8","84.7","45","131.9","66.9","37.2","76.3",NA,"49.7","57.8","168.3","104.6",NA,"35.1","96.2","136.3","161.2","99.6",NA,"99.8",NA,NA,"115.9","134.6","86.4","17.8","119.2",NA,"54.4",1986-10-01
"28.5","86","105.5","80.5",NA,"112.1","164.8","57.2","74.8",NA,NA,"106.6","149.5","68.6","102","111.1","86.5","44.5","135.4","67.5","38","75.8",NA,"52.2","56.6","170.2","103.1",NA,"33.2","95.2","138.7","163.6","101.2",NA,"97.6",NA,NA,"118.4","130.4","88.8","17.9","119.2",NA,"52.1",1987-01-01
"27.8","87","108.2","82.9",NA,"114.1","168.4","56.4","76.2",NA,NA,"106.4","151.2","68.9","103.2","112","87.3","44","132.1","67.5","37.8","77.9",NA,"49.9","57.2","176.3","102.4",NA,"32.6","94.3","142.6","165.1","100.8",NA,"94.9",NA,NA,"120.8","130.9","87.3","17.8","120.8",NA,"50.7",1987-04-01
"31.1","87.8","108.9","81.2",NA,"114.5","169.3","54.7","77",NA,NA,"107.3","152.2","67.6","106","112","88.7","43.4","135.9","67.3","36.7","79",NA,"49.5","55","180.3","101.9",NA,"30.7","92.9","140.4","168","100.4",NA,"93.7",NA,NA,"123.2","130.6","86.8","17.9","121.7",NA,"50.9",1987-07-01
"39.1","90.2","111.2","81.9",NA,"115.3","170.6","54.8","75.7",NA,NA,"107.8","157.5","69.2","108","113.4","88.6","43.9","132.9","67.6","37","78.2",NA,"49.9","58.9","183.7","100.2",NA,"33.7","92","142.8","169","100.3",NA,"91.3",NA,NA,"125.3","125.7","91.1","19.2","122.2",NA,"51.5",1987-10-01
"26.4","89.4","113.7","82.7",NA,"116.7","174.2","52.7","74.2",NA,NA,"106.5","154.7","67.7","107.6","114.6","90.9","43","130.8","66.5","38.4","77.7",NA,"52.4","56.8","183.1","96.6",NA,"25.5","91.8","144.7","169.9","103.5",NA,"89.9",NA,NA,"128.7","121.5","92","18.3","122.4",NA,"53",1988-01-01
"26.9","91.6","117","84.2",NA,"118","177.7","52","74.9",NA,NA,"106.9","157","68.3","108","116","94.6","42.6","134.1","65.7","39.1","78.5",NA,"50","58.4","183.5","98.4",NA,"21.3","92.1","148.3","173.6","98.6",NA,"87.6",NA,NA,"131.7","124.4","92.6","16.6","123.4",NA,"52.4",1988-04-01
"30.5","92.1","117.6","85.2",NA,"120","179.9","52.2","73.8",NA,NA,"106.6","156.2","68.8","108","117.5","97.3","41.2","134.9","65.3","40.2","77.4",NA,"49.4","57.4","186.3","96.9",NA,"19.1","89.8","148.6","174.8","93.4",NA,"86.7",NA,NA,"134.6","119","93.2","16.4","123.7",NA,"53.6",1988-07-01
"33.3","94.4","117.1","86",NA,"121.3","182","52.8","71.9",NA,NA,"107.3","158.4","72","114.2","119.6","98.3","41.4","138.2","64.9","41.8","75.4",NA,"52.2","61.4","190","95.4",NA,"20.1","90.1","153.7","175.6","97.1",NA,"86.5",NA,NA,"137","119.2","96.1","17.4","124.4",NA,"53.7",1988-10-01
"7.5","91.9","118.4","86.2",NA,"122.6","186.6","54.8","69.9",NA,NA,"106.2","155.6","71.5","115","119.2","101.6","41.1","148.3","66.2","41.7","71.8",NA,"52.3","60.4","191.2","98.4",NA,"19.2","91.9","156.3","178.3","95.5",NA,"82.4",NA,NA,"140.3","118.6","98.1","16.7","123.9",NA,"54",1989-01-01
"19.7","93.6","121.6","89",NA,"124.3","190.8","53.2","69.3",NA,NA,"106.6","156.7","74.2","116","121.2","104.1","41.3","148.7","66","43.2","71.9",NA,"52.2","62.2","192.6","103.9",NA,"20.6","91.8","158.6","179","91.6",NA,"81.5",NA,NA,"143.3","120.3","100.1","15.6","124.5",NA,"53.5",1989-04-01
"36","95.6","119.5","89.5",NA,"126.3","190.9","56.9","70.1",NA,NA,"106.6","154.9","73.6","117","121.4","106.4","40.4","153.6","66.8","45.2","71.8",NA,"51.4","60.6","197.2","107.1",NA,"21.8","93.6","157.2","177.5","92.8",NA,"80.9",NA,NA,"146.2","126","101.2","14.7","124.2",NA,"53.4",1989-07-01
"35.5","97.5","118.9","91.9",NA,"128.7","192.6","60.7","75.5",NA,NA,"107.8","158.3","75","115.5","123.3","107.3","42.4","156.3","61.3","46.7","70.9",NA,"52.7","65.1","201","108.1",NA,"25.3","96","157.3","175.2","95.1",NA,"82.3",NA,NA,"148.7","128.8","105.5","15.5","124.7",NA,"53.7",1989-10-01
"35","96.9","120.6","90.3",NA,"130.8","193.3","60.9","76.3",NA,NA,"107.7","156.1","74.7","117.5","124.4","113","42.6","155.8","59.7","48.5","70.6",NA,"53.6","62.7","205.9","108.4",NA,"22.3","95.4","159.6","176.6","95.8",NA,"81",NA,NA,"150.5","124.5","109.3","15.1","125",NA,"52.6",1990-01-01
"26.4","98.9","120.6","92.1",NA,"132.2","194.6","58.6","78.7",NA,NA,"106.2","155","75.8","122.2","125.3","114.5","42.3","159.2","59.1","53.8","71.3",NA,"52.6","63.6","204.3","110.1",NA,"24.3","97.2","162.3","177.7","95.5",NA,"82",NA,NA,"152.3","126.2","113.9","15.2","125",NA,"52.5",1990-04-01
"22.7","99.4","120.1","92.5",NA,"133.7","193.8","57.3","82.2",NA,NA,"105.8","153.1","76","126.8","125.9","114.3","40.8","159.7","59.4","56.8","75.5",NA,"51.1","61.7","206","110.4",NA,"24.3","100.2","163.7","174.5","97.4",NA,"78.3",NA,NA,"154.1","123.5","120.2","15.4","124.7",NA,"52.1",1990-07-01
"18.8","101.2","120.6","93.1",NA,"134.8","192.7","62.1","84.7",NA,NA,"106.3","155.6","75.6","128.9","128.8","115.3","39.8","166.5","60","59.3","76.7","79.2","51.8","68","207.6","115.8",NA,"26.4","104.7","164.7","171.1","98.8",NA,"77.1",NA,NA,"155.9","123.6","124.2","16.5","124.6",NA,"53.1",1990-10-01
"23","100.2","122.2","94.6",NA,"136.7","192.1","59.1","83.5",NA,NA,"105","152","76.2","130.7","129.4","116.5","39.3","162.7","57.9","58.5","79.4","81","51.8","64.7","205.6","119.6",NA,"26.5","105.8","166.9","169.1","101.7",NA,"78.8",NA,NA,"152.8","127.8","126.5","16.2","123.9",NA,"54.3",1991-01-01
"21.3","102","121.4","95.8",NA,"138.1","193.4","56.8","83.3",NA,NA,"105.2","153.4","77.1","133.6","129.9","118.8","38.7","152","55.7","58.4","81.4","79.8","50.1","67","204.5","119.8",NA,"28.2","106.8","165.5","168.8","106.1",NA,"81.7",NA,NA,"150.2","123.4","128.6","16.3","124.2",NA,"53.7",1991-04-01
"18.3","101.5","119.5","95.7",NA,"139.3","192.3","56.3","84.8",NA,NA,"106.6","150.3","76.9","138.8","130.6","118.6","37","151.9","55","56.6","82.5","80.2","48.5","66.2","204.6","121.9",NA,"29.4","109.6","165.2","163.7","105.9",NA,"81.8",NA,NA,"148.1","123.8","132.6","16.2","123.2",NA,"53.9",1991-07-01
"17.7","103","120.4","96.4",NA,"141.1","191.6","56.8","86",NA,NA,"107.3","152.3","77.5","141.8","131.9","115.8","37.2","151.2","55.7","58.8","82.7","80","48.5","70.4","206.3","121.9",NA,"33.3","109.1","167.4","159","105.1",NA,"82.3",NA,NA,"146.8","124","135.7","17.3","122.6",NA,"53.1",1991-10-01
"17.7","101.4","119.6","95.7",NA,"141.2","191.5","54.9","82.4",NA,NA,"107.3","151","75.4","147.4","132.1","116.4","35.8","148.8","52.9","58.3","82","77.5","49.2","69.5","204.9","122.6",NA,"34.3","110.8","168.9","164.8","106.4","30.8","79.6",NA,NA,"147.7","121.9","137.2","16.7","121.5",NA,"52",1992-01-01
"18.9","102.8","119.7","97.1",NA,"142.6","191.8","55.8","81.6",NA,NA,"107.9","150.1","76","153.4","132.9","115.4","37.4","149.6","53","58.8","82.4","77.2","49.9","70.9","204.8","122.9",NA,"36.3","108.9","170.1","162.5","104.9","29.8","80.3",NA,NA,"149.3","125.7","139.7","17.2","120.5",NA,"51.6",1992-04-01
"19.2","103.6","120.6","96.7",NA,"142.9","191.7","57.2","78.8",NA,NA,"108.2","147.7","76.4","159.6","132.2","115.4","37.2","148","51.9","59.6","82.1","78.3","49.9","70.9","205.4","124.5",NA,"37.9","109.8","172.3","160.3","108.6","28.5","81.9",NA,NA,"151.3","125.1","142.1","16.8","119.7",NA,"51.7",1992-07-01
"19.8","104.9","117.9","106.5",NA,"142.7","191.8","60","83.4",NA,NA,"107.9","145.7","77.9","163.6","134.2","117.8","37","142.9","48.4","58.4","86.7","82.1","50.8","74.5","208.6","126.1",NA,"39.7","109","173.8","164.4","108.6","26.6","85.7",NA,NA,"153.4","124.3","145.1","17.7","118.7",NA,"52",1992-10-01
"22","104.2","116.2","107.8",NA,"144.2","192.9","61.2","86.9",NA,"92.5","109.7","144.4","77.3","159.8","136.4","116.8","36.4","147","48.3","55.7","89.1","84","51.9","73.9","208.5","127.5",NA,"40.6","107","176","163","106","26","85.4",NA,"27.3","154.6","123.9","148.2","18.2","117.7",NA,"51.4",1993-01-01
"21.7","105","113.7","109.1",NA,"144.1","193","62.5","85.4",NA,"92.7","111.3","144.8","78.3","156.2","136.4","117","37.2","145.2","47.4","56.4","87.1","85.4","50.5","74.1","209.2","129.2",NA,"42.3","106.1","175","162.6","107.5","25.8","89",NA,"27.6","155.2","124.8","151.8","18.7","117.8",NA,"50.2",1993-04-01
"21.7","104.6","113.9","109.3",NA,"145.3","191","64.2","82.9",NA,"91.6","113","145.5","78","152.1","136","117.4","36.8","146.9","46.7","56.1","85.4","84.9","48.2","72.7","211.3","132.4",NA,"43.7","104.1","174.2","157.7","108.7","25.4","89.8",NA,"28.4","154.7","123.5","152.9","18.5","118",NA,"50.4",1993-07-01
"23.2","105.4","112.7","110.2",NA,"144.8","187.2","67.3","85.7",NA,"90.2","115.7","147.1","78.6","145.4","134.5","118.9","35.2","145.6","46.6","55.2","89","89.8","48.2","74.9","213.6","130.8",NA,"45.2","108.2","176.6","156.2","112.3","24.9","94.5",NA,"29.2","153.8","123.7","156.5","19.1","118.4",NA,"50.1",1993-10-01
"23.1","103.6","111.8","109.9",NA,"144.8","187","66.3","82.8",NA,"88.9","113.5","147.2","76.6","145.2","134.5","117.4","34.3","147.6","46.2","56.7","86.8","89.3","48","71.6","212.6","131.6",NA,"46.4","107.4","179.7","154.2","114.2","24.3","93.6",NA,"30.6","151.3","122.7","159.3","21.3","118.2",NA,"50.1",1994-01-01
"24.3","104.6","112.2","110.7",NA,"144.1","187.3","65.1","81.2",NA,"89.2","114.2","144.7","76.3","143.1","133.4","114.2","35.4","149.2","47.7","57.3","86.1","90.8","46.2","71.3","211.3","133.2",NA,"47.8","106.2","180.8","151.5","112","23.2","93.3",NA,"31.2","148.7","122.9","164.8","20.8","118.3",NA,"49.7",1994-04-01
"24.7","104.1","112.5","111.1",NA,"142.9","187.3","65.7","79.4",NA,"88.4","115.3","140.8","75.1","140","132.3","113.7","34.4","148.4","48.7","58.2","85","91.8","47.1","69.2","212.6","136.1",NA,"48.4","110.8","180.8","150.1","112.7","22.1","93",NA,"31.2","146.6","124.5","171.9","18.5","118.2",NA,"50.8",1994-07-01
"25","105","112.5","110.8",NA,"142.3","187","66.2","78.9",NA,"88.7","116.4","138","74.8","136.8","133.4","113.6","35.8","146.4","48.9","59.5","87.1","94.3","47.3","71.5","214.2","135.1",NA,"49.5","111.6","181.8","146.6","112.9","21.7","96.3",NA,"32.7","144","122.2","180.7","19","118.8",NA,"51.4",1994-10-01
"24.1","102.7","112.7","109.8",NA,"143","187.5","66.8","77",NA,"85.2","112.8","137.4","81.8","132.3","132.6","113.3","34.8","148.8","47.7","59.3","86.8","94.3","50.2","70.3","213.3","135.6","109.3","50.8","113.8","181.6","145","113.7","21","93.6",NA,"32.9","140.6","127.8","182.8","17.8","118.6",NA,"51.6",1995-01-01
"24.8","103.5","113.3","109.1",NA,"141.8","188","64.7","75.3",NA,"83.7","114","137.7","81.5","127.7","133","113.3","35.1","153.7","47.3","59.6","87.2","92.2","48.4","70.8","211.2","136.5","110.3","51.1","116.2","183.1","144.5","116.2","20.6","93.2","22.5","33.3","137.2","134.9","188.3","16.4","119.5",NA,"51.6",1995-04-01
"24.3","103.8","113.3","107.1",NA,"141.9","187.4","67","75",NA,"82.1","114.3","137.2","80.3","123.9","132.4","113.3","35.2","154.1","47.2","61","86.4","90.3","49.2","69.3","211.7","136.6","110.4","50.6","121.2","181.1","143","116.3","20.8","92.9","20.1","32.3","134.1","136.1","192.8","16.3","120.1",NA,"52.3",1995-07-01
"25.5","106.5","114","106.4",NA,"141.9","189.4","71","78.1",NA,"80.3","115.3","138.7","79.8","118.4","130.8","115.9","36","157.6","45","62.1","88.7","92.2","49.2","69.9","212.5","136.4","111.2","49.5","128.2","180.4","142","123.9","21.7","93.4","18.4","31.6","131.5","140.8","199.9","19.3","120.8",NA,"53.2",1995-10-01
"25.4","103.4","114.3","106.8","51.5","142","191.7","72.6","76.9",NA,"81.2","116.1","140.8","78.6","117","130","114.6","36.2","159.3","43.8","62.4","87.7","92.3","51.2","68.4","210.8","137.8","107.1","46.7","130.7","183.3","142.3","121.6","21.9","98","17.1","30.4","130.5","141.4","204.7","19.9","121.1",NA,"54.3",1996-01-01
"25.8","106.3","115.2","108.6","50.4","142.1","192.2","72.8","79",NA,"82.3","117.5","140.9","79.3","116.8","129.8","116","36.7","163.9","43.8","65","87.9","94","49.3","68.3","208.8","140.4","108.6","44.5","134.5","185.1","142.4","124.3","22.4","99.4","17.1","28.8","128.4","147.8","207.9","20.3","121.6",NA,"54.3",1996-04-01
"25.9","108.2","114.2","109.6","47.1","142.2","191.5","75","78.4",NA,"81","118.6","141.1","78.5","115.9","128.8","115.2","36.8","164.2","44.6","66.1","88","93.6","48.3","67.2","207.7","144.8","107.1","42.5","139.2","186.1","140.8","119.5","23.6","100.1","14.9","28.9","128.2","149.1","207.4","21","121.8",NA,"54.9",1996-07-01
"26.5","108.7","115.8","110.4","44.5","142","192.5","78.9","80.8","47.6","80.4","120.2","141.1","79.5","115.2","129.7","114.8","36.6","165.2","48.1","67.1","87.9","94.2","48","68.2","208.5","145.5","111.8","40.7","146.7","187.9","139.7","122.3","25.4","102.3","15.8","27.4","130.2","150.9","210.9","23.7","121.6",NA,"55.2",1996-10-01
"26.9","107.8","115.4","113.1","43.7","144.2","194.2","80.3","83.8","49.2","90.9","120.6","141.8","79.8","116.7","130.4","107.9","37.1","170.7","47.2","67.6","89","93.9","49.7","67.2","205","150.7","122.2","40.1","153.8","194.3","142.4","122.9","26.1","104.6","15.9","27.4","140","153.6","213","24.2","121.3",NA,"55.3",1997-01-01
"27.9","111.5","117.2","115.2","45.3","144.7","194.3","80.1","84.1","50.6","91.9","121.6","143.1","81","117.4","130.6","109.7","38.4","176.5","48.3","69.9","94.3","97.5","47.9","67.7","203.9","151.6","132.4","38.7","160.4","198","147","124.9","26.4","104.3","17.5","26.6","139.6","153.5","213.7","25.8","121.8",NA,"55.6",1997-04-01
"28.5","113.3","118.2","116.6","46.2","145.1","192.4","82.1","85.3","52.7","89.5","122.1","144.7","81.8","117.9","130","111.9","38.5","181.1","48.5","78.3","95.6","97.2","47.3","66.6","203.3","153.2","145.3","36.1","166.5","200.4","147.8","127.9","27","104.1","18.5","27.9","139.2","158.6","227","25.6","122.5",NA,"56.4",1997-07-01
"29.6","113.6","121.2","117.6","47.3","145.1","191.4","86.1","88.1","54.2","89","123.2","145.4","82.7","116.6","129.8","112.1","38.7","175.3","49.7","83.5","97.1","98.5","48.7","67.8","206.2","160.3","155","34.6","167.2","192.8","150.5","134.5","27.2","106.1","19.1","29.7","136.5","158.4","242.4","28.5","122.9",NA,"57.2",1997-10-01
"29.9","110.8","121.7","117.3","48.7","146.5","190.6","88.4","87.5","53.9","87","123.2","145.5","83.5","113.9","129.6","114","41","173.2","49.3","105","101.5","97.4","51.6","67.1","203.2","158.8","149.9","34.2","164.2","197.9","154.6","131.9","28.7","112","19.3","34.1","139","153.9","224.8","27.6","123.6",NA,"59.2",1998-01-01
"30.4","112.3","124.5","120.6","48.8","148.7","190.5","91.3","89.1","54.2","83.8","123.8","146.6","86.1","111.8","129.2","115.7","41.3","174.3","50.5","137.8","102.7","99.3","50.2","67.5","202.8","158.5","143.4","34.2","162.7","198.8","160.9","135.1","30.3","113.3","20.3","37.3","138.7","153.8","228","28.2","125.5",NA,"60.7",1998-04-01
"31.2","112.8","125.2","122.1","49","150.8","188.2","91.7","92.5","55.4","81","125.1","146.7","86.4","109.9","128.6","119.4","40.9","176.2","51","98.2","103.3","101","49.9","66.6","203.8","162.5","137.6","34","161.9","202.1","162.3","137.2","32.2","114.8","30.4","43.1","141.3","152.4","224.7","25.4","126.5",NA,"60.6",1998-07-01
"32","114.3","126.3","123.7","48.9","151.3","187.6","93","94.7","54.4","76.8","127.6","145","88.7","108.7","127.9","120","42","174.3","49.3","74.6","106.1","106","49.3","68.3","199.3","159.2","127.2","32","165.8","203.3","165.2","138.5","33.6","118.9","33.9","45.9","141.2","155.5","220.4","25.8","127.7",NA,"62",1998-10-01
"32.1","113.5","127.4","128.7","49.2","149.9","192.2","96.2","94.8","54.7","79.1","125.3","150.5","92.5","111.7","128.1","122.1","43.8","172.6","50.5","59.4","110.4","104.8","52.2","68.5","195.9","164.9","130.3","31","162.3","208.1","167.7","137.6","34.8","120.1","32.5","39.3","143.9","155.4","217.8","25.7","128.7","115.3","62.3",1999-01-01
"32.5","114.6","127","131","47.8","148.8","195.3","101.4","96.2","55.5","78.2","127.5","152.1","99.3","114.6","130.6","124.8","43.7","170.1","51.9","38.5","118","105.1","49.9","71.9","193.9","156.9","131.2","30.2","158.9","209.8","169.1","136.5","35.4","125.6","28.1","37.5","143.5","155.6","209.8","25.4","129.7","117.4","62",1999-04-01
"32.1","118.2","128.7","134.3","48.8","147.2","197.1","103.6","97.8","55.1","78.9","128.7","151.2","100.6","113.8","131.7","125.8","44.5","168.8","52.6","42.4","121.6","107.9","50.3","72.6","193.5","153.2","128.9","27.9","158.1","212.9","165.9","138","36.8","128.3","25.9","36.7","143.3","153","198.3","25.7","131.4","118.4","61",1999-07-01
"32.1","121","131.3","136.3","48.3","144.6","195.6","102.6","109","53.9","75.7","131.8","153.1","103.7","112.3","133.4","128.2","45.3","166.1","53.5","34.5","128.1","110.2","52.8","75.6","196.3","144.6","129.5","27","151","214.9","164.4","141.5","36.7","131.2","25.6","37.6","146.8","152.5","187.2","25.6","132.3","120.9","60.6",1999-10-01
"30.9","120.5","132.3","138.7","43.9","147.1","197","101","108.9","50.9","71.9","133.4","159.1","107.8","114.1","133.3","130.1","47.1","163.9","54.6","32.7","133","109.3","53.6","75.1","193.6","144.4","129.9","26.3","143.7","215.1","161.8","144.2","37.1","136.7","23.4","34.4","145.5","147.9","183.6","25.1","133.4","120.9","58.7",2000-01-01
"30.3","123.4","134.7","140.9","45.3","146.2","190.8","103.1","105.5","49.4","71.4","135.4","156.4","111.7","115.5","134.9","133.5","49.7","160.8","57.1","33.7","128.1","109.3","54.7","75.8","189.7","141.1","129.6","26.6","140.7","216.3","160.1","145","40.2","138.6","22.2","33.1","145.9","149.3","174.4","25.4","134.3","121.7","57.9",2000-04-01
"30.1","129.1","135.6","143.3","44.7","145.6","188.8","104.2","106.6","48.1","73.7","135.1","161.3","115.7","121.3","137","135.1","52.1","165.9","58.8","32.1","130.2","108.3","54.6","76.4","189.1","141","129.1","25.7","136.8","218.2","163","145.7","39.5","140.8","22.5","32.4","149.2","147.7","161.1","26.2","134.9","123.3","59",2000-07-01
"29.4","127.8","139","146.2","46.9","143.9","187.2","107","109.4","46.9","71.5","140.6","160.1","117.9","121.7","137.8","135.6","54.1","162.9","60.5","31.8","128.8","109.7","56.4","79.3","187.5","138.3","129.6","25.1","134.7","220.4","156.5","147.2","39.6","142.8","23.7","32.2","153.6","146.9","155.9","25.8","135.4","125.9","58.6",2000-10-01
"28.3","126.9","141.3","147.1","48.7","146.7","188.6","109","99.7","46.3","73.2","141.3","160.5","118.5","121.5","139.3","139.2","56.2","164.2","61.9","32.1","128.3","110.5","57.3","79.8","184.9","139.2","140.9","24.7","133.4","216.6","156.7","149.9","40.3","146.8","22.3","32","152.6","149","154.4","29.5","134.9","125.6","58.2",2001-01-01
"29.3","126.7","140.1","149.2","47.4","146.7","188.3","110.5","101.3","46.3","74.9","141.7","162.6","121.6","121.9","141.2","140.1","58","162.6","60.5","32.3","129.7","111.5","56.8","80.8","182.3","138.8","152.1","23.6","135.1","216.7","159.5","150.9","40.7","149.5","23.3","32.7","154.8","151.7","144.5","29.2","137","126.6","57.5",2001-04-01
"28.2","127.7","141","150","50.6","149.6","185.3","115.4","100.9","46.1","65.4","142.3","165.4","124.9","120.2","141.9","141.7","59.2","163.1","61.9","28.5","128.3","115.3","57","80.9","182.1","140.8","161.9","23.7","139","216","158.6","143.8","42.9","152","24.7","34","156.2","156.6","143.9","31.3","139.1","127.3","59",2001-07-01
"39.4","129.4","139.8","152.2","48.9","150.6","183.1","110.2","101.6","46","64.5","141.8","169.9","126.8","117.4","142.8","144.2","61.3","161.9","62.2","28","134.7","118.6","57.9","82.8","182.8","139.5","171.1","23.8","141.6","217.9","164","144.5","42.4","154.4","26.3","35.2","161.1","165.8","139.1","27.6","140","129.5","62.1",2001-10-01
"75.2","128.6","139.5","151.1","49.3","153.9","183.1","109.6","110.3","45.8","64.1","141.5","168.6","128.9","124.4","143.2","146.1","61.6","163.3","60.5","26.1","135.3","121.6","59.6","82.9","182.1","142.3","173.2","23.2","142.8","217.4","169.4","146.8","43.5","154.7","26.1","35.7","159.8","164.8","146.1","24.1","140.6","130.7","59.3",2002-01-01
"84.5","128.9","142.9","150.7","49.9","155","184","111.7","112.7","47.5","63.3","143.4","168.1","130.3","123","143.1","148.7","63.2","162.5","62.5","25","137.3","125.2","62.8","83.9","180.8","144.5","174.2","24.1","142.6","215.9","171.4","146.5","46.1","153.9","28.2","37.5","159.6","164.6","143.2","23.1","141.7","131.4","58.2",2002-04-01
"76.3","129","145.7","149.9","55.2","155.8","183","114.8","114.6","47.9","64.5","143.8","170.4","130.6","122.2","142.6","153.8","63.6","162.2","62.6","25.7","136.2","126.1","62.6","83.7","178.4","146","175.4","24.3","140.6","218.3","173.7","147.2","48.3","156.4","28.9","37.2","159.1","164.7","143.7","22.7","142.6","131.4","57.5",2002-07-01
"63.2","129.1","146.2","149.2","52.4","154.8","184.1","111.1","116","48.2","66.6","144.1","169.4","133.4","119.5","143.1","153.8","64.9","161.1","61.6","26.2","132.7","123.7","63.8","85.3","179","146.1","181.4","24.6","139.1","218.1","174.1","148.5","48.9","160.3","29.7","36.1","161","162","142.2","21.9","144","132.6","55.6",2002-10-01
"52.4","128.1","146.7","148.1","51.7","151.9","185.9","109.8","119","46.6","65","144.5","174.3","134.6","120","144.1","151.3","65.2","160.9","63.2","25.8","126.3","120.9","65.3","85.5","176.6","146.1","196.4","24.4","135.9","218.7","176.8","149.6","49.7","165.1","31.3","36.6","158.8","159.2","140.7","22.2","144.5","132.5","59.1",2003-01-01
"46.9","128.2","149.4","151","48.8","152.1","189","106.1","124.5","45.7","62.5","145.4","176.3","137","123.1","144.5","153.7","65.8","166.1","67.6","24.9","129.5","117.5","64.3","86.9","173.4","145.1","212.9","24.2","135.8","220.8","181.2","150","48.8","166","32.1","36.5","160.3","167.5","140.6","19.1","146.9","133.8","58.5",2003-04-01
"44.9","128.4","150.6","153","48.2","151.6","189.5","103.2","126.5","44.8","60.9","145.2","178.3","138.7","124","144","154.2","67.6","166.8","67.1","25.4","133.1","118.6","63","86.7","171.1","144.3","225","24.6","135","223.4","179.4","149.8","48.9","166.2","34.2","36.7","159.2","166.9","138.2","19.2","147.7","134.1","59.1",2003-07-01
"43","130.9","154","155.7","48","151.4","191.6","100.8","125","44","60.2","144.3","177.3","143.3","125.4","142.6","154","69","168.8","72","26.3","141.4","120.1","63.9","89.4","171","143","237.1","24.9","132.1","233.1","176.9","150.3","47.8","167.6","34.9","35.6","157.9","167.4","133.6","20","147.8","135.2","59.9",2003-10-01
"39","130.8","154.5","156.4","46","154.8","192.4","101.7","128.1","42.9","61.9","141.4","182.8","145.8","126.9","142.8","153.8","69.2","171","71.8","25.5","142.6","121.3","66.5","89","168","141.1","231.4","24.8","133.4","232.4","181.1","151.3","48.2","171.8","37.4","33.4","156.9","160.7","135.5","20.7","148.1","135.1","57.8",2004-01-01
"38.2","131.8","156.6","156.7","46.5","154.5","191.8","101","124.5","42.3","61","140.2","183.9","150.5","129","144.4","154.1","71.3","167","74.8","28.3","141.8","121.4","66.2","90.8","165.5","138.6","226.4","24.5","132.9","231.7","183.5","155.8","47.2","173.5","37.4","36.2","157.5","156","135.7","23.5","149","136","56.5",2004-04-01
"37.3","131.4","157.9","157.4","45.6","153.7","191.7","98.8","122.2","41.4","60.5","139.2","186.2","152.3","129.1","144.9","156.6","72.1","166.9","75.1","28.2","147.4","120.7","66.7","91.1","163.8","137.4","219.8","24.2","130","231.9","184.1","154.3","46.1","174.9","37.2","39.6","156.6","150.9","139.9","23.2","149.8","136.4","57.8",2004-07-01
"35.1","130.2","160.5","158.5","44.7","153.7","190.2","94.3","120.9","40.5","59.1","137.9","188.6","156.7","128.9","145.3","157.9","74.2","169.8","77.1","28.9","159.1","119.7","70.7","93.5","164","134.6","217.4","24","126.9","233.5","182.3","159.7","42.8","176.6","38.9","40.2","158.9","148.5","136.7","22.1","151.6","138.1","59.7",2004-10-01
"32.7","130.1","161.6","157.8","45.1","151.1","192.9","94.9","119.5","40.3","59.5","136.7","195","160","129.2","145.2","158.7","76.7","171.6","80","29.3","158.2","119.8","72.9","94.5","164.2","134.1","216.8","24.1","123.6","233.6","182","162.9","42","176","35.6","39.2","159.2","145.8","135.8","22.4","151.6","138.6","60.3",2005-01-01
"31.6","133.1","166","157.8","44.9","152.8","193.6","94.9","116.4","40.4","60.4","137.3","199.3","165.8","132.4","147.6","162.4","79.7","176.6","83.7","30.1","160.8","123.3","73.7","96.1","161.9","135.7","215.8","23.9","120.9","238.6","182.3","165.1","42.5","178.5","35.5","42.1","163.9","144.8","136.4","23.4","153.1","141.1","62.1",2005-04-01
"29.9","134.3","168.3","157.2","45.2","151.9","193.8","92.8","115.5","39.8","60.5","137","203.4","168","132.4","148","164.5","82","173.2","85.9","30.8","170.6","125.6","78","96.6","162.6","136","214.8","23.5","121.4","239.7","180.7","167.8","42.5","178.7","39.2","42.7","164.8","142.8","136.1","24.1","154.3","141.5","63.4",2005-07-01
"29.3","133.8","171.3","156.9","46.1","149.7","191.2","92","113.7","39.6","60.4","136.4","208.1","173.6","133.9","149.4","165.5","86.3","173.9","88","29.1","176.5","125.1","79.1","99.1","163","136.8","208","24","121.2","237.8","181.7","173","43.3","180.9","44.6","43","167.4","144.2","135.3","29.1","155.7","142.5","64.9",2005-10-01
"28.6","134.8","172","157","46.3","149.9","190.8","90.6","117.1","39.5","62.2","136.7","211.6","179.5","137.5","150.1","166.3","86","172.7","88.2","26.7","190.5","125","85.9","100.1","162.3","137.8","207.9","24.2","117.7","236.6","181.1","175","44","182.5","43.8","41.8","167.4","142.4","133.1","31.3","157.3","145","67.6",2006-01-01
"28","136.8","175.8","158.2","47.3","149.8","188.7","90.1","118.1","40.9","63.2","136.9","213.4","184.5","140.7","151.7","168.7","88.2","175.2","94.6","26.9","202.9","123.2","84.6","102","161.1","141.5","208.6","24.7","116.8","235.1","181.4","179.7","46.1","183.2","44.8","41","169.4","141.3","131.8","35.9","159.1","146.5","68.9",2006-04-01
"27.4","137.7","178.5","159","48.1","152","191.8","89.7","116.8","41.1","63","136.4","219.8","188.3","142","152.2","172","90.4","175.1","94.3","26.6","208.1","122.6","87.7","102.7","161.7","144.4","210.7","24.7","115.3","236.1","182.9","182.7","48.3","183.4","44.7","41","169.3","138.3","130.9","35.4","160.5","145.8","72.6",2006-07-01
"26.9","136.1","180.5","159.1","49.6","154.2","188.7","89.7","114.8","41.7","64.6","134.6","224.6","194.8","140","153.3","171.9","93.2","176.3","93.5","27.1","214.1","125.1","87.8","105.1","161.7","147.8","214.9","25.6","115.4","233.6","183.2","184.1","50","184.2","48.2","41.8","171.5","134.8","129.5","35.8","162.3","146.4","74.1",2006-10-01
"26.3","134.7","181","162","47.8","159.4","190.6","90.2","116.5","41.8","65.1","132.1","227.1","197.8","141.2","154","170.1","93.8","178.7","93","26.3","218.6","127.7","93.2","105.9","160.9","149.8","249","25.8","114","235.2","189.4","188.1","50.9","185","49.3","43.1","175.5","134.9","126.6","35.2","163.3","146.9","74.8",2007-01-01
"25.8","137.1","183.6","164.6","46.5","159.6","191.7","89.4","117.1","42.4","65.8","131.2","229.2","205.5","143.1","156.3","171","96.3","188.1","97.3","25.3","221","132.1","89","108.5","157.7","151.5","277.2","26","113.1","234.2","196.3","190.5","52.9","189.4","56.7","46","180.7","136.8","126.3","36.7","165.9","149","76.1",2007-04-01
"25.9","138.2","187","167.7","46.8","161.2","192.2","92.2","116.2","43.2","67.7","129.5","232.7","207.3","143.4","157","174.1","98.7","194","101","26","226.3","130","91.2","109.4","158.3","152.5","305.5","27","115.4","234.7","197.2","190.1","55.6","190.8","59.7","49.1","184.2","133.3","125.5","38.4","167.8","149","77.9",2007-07-01
"25.1","140.3","188.8","170.1","47.4","161.8","196.1","94","113.2","43.4","69.3","129.3","237.9","209.3","144.8","157","175.6","102.1","187.3","107.4","28","227.4","129.9","92.2","113","159.4","153.9","334.4","28.2","110.5","233.1","201.8","190.9","57","193.9","59.8","48.1","189.9","138.9","124.2","40.6","169.2","152.4","78.1",2007-10-01
"24.3","140.7","189.9","174.6","48.9","164.9","194.2","92.8","113.7","42.9","70.2","128.1","239","208.3","144.6","157.6","178.6","105.5","190.9","109.6","27.8","240.5","127.5","98.3","116.5","158.9","157.5","327.9","28.2","106.1","235.7","206.4","191.6","58.6","197.4","61.3","47.5","195.4","146.3","124","44.4","169.9","153.3","80.6",2008-01-01
"23.2","140.3","189.9","179.4","50.8","164.2","193.9","99.3","112.9","43.1","71.8","127.9","239.9","211.4","148.9","160.5","178.1","108.8","196.2","104.4","28.7","252.9","127.9","96","116.8","159.6","161.2","324.6","28","104.6","237.6","207.6","194.2","60.2","202.5","61.4","46.5","202.1","149","124.8","45.5","169.5","154.9","79.9",2008-04-01
"22.9","140.3","189.4","184.3","52.8","164.5","194.8","106.5","112.4","43.2","74.1","128.1","241.2","212.4","152.2","163","179.1","111.9","197.9","109.9","29.1","265.9","126.5","98","116.8","160.2","164.5","320.9","28.7","106.7","236.4","209.3","196.9","63.1","203.9","62.1","45.3","207","152.5","125.4","46.4","170.4","156.2","79.3",2008-07-01
"23.2","142.5","189.6","192.1","55.1","167.7","193.5","113.7","111.9","43.6","76.6","129.9","244.6","214.2","156.1","164.2","185.7","113.9","191.8","117.1","29.2","283.1","122.6","98.6","116.5","164.4","168.3","317.8","30","108","235.8","215.9","199.3","69.8","206.3","65.5","47.9","217.2","156","128.3","47.3","168.8","157.1","78.6",2008-10-01
"23.5","142.5","187.3","197.4","54.1","171.2","197.7","114.8","124.7","43.8","76.2","131.4","249","216.7","161.3","166.5","186","114.6","186.3","134.8","28.1","287.9","124.5","102.3","120","166.2","170.6","332.3","30.7","111.4","239.7","220.2","201.6","74","211.1","70.5","50.7","220.3","153.6","128.8","47.2","168.2","159.7","78.5",2009-01-01
"23.7","143.3","185.9","200.8","54.9","176.9","202.5","111.9","134.3","44.7","77.6","133","252.9","219.3","167","168.8","182.4","114.3","194.7","125.5","27.2","291.5","123.4","99.2","123.9","167.9","173.1","348.9","30.3","115.5","244.1","225.9","200.7","72.4","215","67.6","56.5","224.4","155.1","131.5","46.7","168.9","162","76.2",2009-04-01
"23.3","145","186.9","203.6","56.2","182","206","112.6","138.8","44.7","78.9","133.3","257.9","221.3","164.4","170.5","185.7","116.3","197.9","124.3","26.9","298.4","123.9","100.7","124.4","169.7","174.1","362.7","30.5","121.6","247.5","226.5","198.6","71.4","216.2","70","60.3","229","156","133.4","47.9","169.1","163.3","75.4",2009-07-01
"22.7","145.1","187.8","204.4","57.5","183.4","208.5","110.9","140.5","45.2","80.7","134","260.6","222.8","165.2","172.1","185.4","117","194.4","128.5","27.4","302.8","124.2","98.9","125.1","170.8","173.4","363.2","30.2","123.5","252.2","225.2","195.6","69.6","215.4","70.4","55.9","232.2","156.3","132.4","49","167.5","164.6","75.8",2009-10-01
"21.9","146","187.4","200.3","55.7","182.1","210.7","110.4","143.6","45","81.2","132.8","262.5","223.8","169.2","172.2","186.6","117.7","200.1","127.8","25.8","304.3","122.3","102.2","125.3","168.9","171.6","355.8","30","120.7","258","223.3","193.8","70","215","65.7","53.5","229.7","150.2","128.3","50.1","165.6","164.6","75.1",2010-01-01
"21.4","147.5","186","199.3","55.1","182.3","207.1","110.2","145.7","45.7","82.2","132.6","258.9","226.8","172.6","171.9","182.6","124.1","211.5","134.5","27.4","301.6","123.9","100.2","125.7","167","171","344.9","30.2","119.5","262.9","226.6","191.3","72.5","216.5","65.1","51.3","228.2","143.6","127","52.8","163","165","74.4",2010-04-01
"21","147.4","183.2","194.7","57","181.1","207.2","105","145.6","47.2","82.1","131.7","254.3","225.1","170.8","171.5","182.3","124.6","224.4","126.8","27.4","293.5","123.9","99.6","125.8","164.6","170.3","337.8","29.8","118.3","263.8","226.9","188.8","72","214.8","64.7","50.6","225.5","145.9","125.8","53","161","163.9","74.7",2010-07-01
"21.1","147.7","179.4","190.5","58.5","180.2","208.6","103.3","145.1","48.9","82.3","129.6","249.9","224","167.2","172.6","177.7","129.1","224.8","125.5","28.7","310.2","123.3","103.7","125.8","163","168.7","331","29.8","120","265.3","225.9","186.9","72.7","218","63.1","48.2","220","147.5","129.7","55.9","159","164.5","73",2010-10-01
"20.7","145.4","178","192.5","58.4","180.4","209.4","103","145.4","49","82.5","125.5","249","221.7","168","172.9","176.2","131","236.8","119.1","28.2","311.4","122.6","103.4","125.7","162","169","329.4","30.2","118.8","266.6","225.8","185.6","71.9","220.2","60.1","47.4","221","154.8","131.1","57.6","157.3","162.9","72.2",2011-01-01
"20.8","145.5","176.1","196.2","58.8","180.3","212.4","103.5","145.2","49.6","83.7","124.3","249.1","221.7","167.8","175.3","175.7","133.6","242.5","119.6","29.5","308.6","121.7","101.3","125.9","161.9","170.2","339.2","30.1","119.5","270.9","223.8","183.9","72.8","221.5","59.9","45.5","221.5","159.4","133","61","155.9","163.3","71.5",2011-04-01
"21.2","144.9","176.4","198","59.5","181.6","213.9","107.5","143.7","50","84.5","124.8","254.7","220.4","167.4","177.4","174.6","135.7","244.5","124.4","31","312.9","121.8","100.5","125.4","162.7","172.9","341.1","31.7","120.4","272.3","220.7","181.1","76","222.8","62.7","45","222.7","159.3","134.9","61.9","154.8","162.8","70.5",2011-07-01
"21.1","145.2","175.1","200.8","61.8","179.4","215.2","110.1","144.8","50.3","85.5","124.6","256.7","219.6","168.2","178.7","172.9","132.5","237.3","125.8","32.1","315.1","120.7","103.2","124.7","163","172.8","346.9","31.9","121.9","276.9","218.6","178","76.8","223.2","63.7","40.8","223.5","161","140.6","61.1","154.1","165.4","70.4",2011-10-01
"20.7","144.4","174.9","205.2","62","180.4","216.9","110","148.2","49.4","85.5","124","258.9","220.1","169.1","180.6","175.2","132.9","238.7","119.8","33","322","120.9","103.8","125.3","161.9","173.3","357.3","31","118.7","278.9","227.7","177.8","75.8","224.3","62.4","43","230.1","162","142.8","60.5","152.5","166.3","71.4",2012-01-01
"20.9","145.3","176.1","208.7","63.8","182.1","218.2","113.1","150.9","49.5","87.1","124.4","258.9","220.3","169.7","182.5","176.3","135.3","239","118.6","34.6","327.5","119.4","102","125.9","158.8","174.6","360.3","31.4","122.8","282.3","226.3","176.9","76.5","226.1","66.1","42.3","228.7","163.1","144.7","61.7","151.3","167.4","71.1",2012-04-01
"21.2","145.1","176.4","208.9","64.2","184.1","219.4","113.2","154.4","49.7","88.4","124.2","255.8","219.1","170.3","182.5","176.1","134.8","239.3","114","35.3","327","118.5","103.8","126","159.8","176.2","362.8","31.6","123.3","283.1","225.8","177.4","76.3","229","68.2","40.5","233.1","170.2","146.9","61.5","151","167.5","72.1",2012-07-01
"22","143.4","177","205.7","66.1","185.1","222.5","116.7","157.4","50.7","90.5","123.8","257.7","211.4","171.5","182.9","173.7","135","238.5","115.2","36.8","313.8","118","105.8","126.9","161","175.3","360.1","32","124.1","282","226","179","77","231.6","69.5","40.5","227.1","175.4","145.8","62.6","150.8","166","72.8",2012-10-01
"21.7","143.1","177.3","208.9","66.1","187.5","222.7","116.8","163.6","51.4","91.3","123.6","255.6","208.8","176.3","182.9","171.2","134.5","246.2","117.8","36.7","306.7","116.1","105","126.2","161.1","177.3","361.3","31.8","125.6","282.3","226.5","179.2","77.8","230.1","71.6","42.4","231.7","181.5","145.4","63.6","149.6","166.2","73.4",2013-01-01
"21.8","142.6","180.4","212.1","66.6","189.7","221.6","119.7","166.8","53.1","92.9","124.3","253.8","206.8","176.2","181.5","172.2","134.5","260.9","114.1","38.4","297.8","114.8","104.9","125.9","159.7","177.5","360.3","32.8","128","283","227.7","179.6","79.6","228.1","75.6","44.8","234.3","184.7","148.1","67.9","149.5","165.6","73.7",2013-04-01
"22","142.3","180.4","206.9","67.1","190.5","221","120.7","169.9","53.8","93.1","124.4","252.8","204.4","176","182","169.6","134.1","265.3","111.4","40.3","293.4","114.4","104.4","125.6","159.4","177.1","362.2","34","128.4","283.1","225.5","178.4","80.1","224.1","79.3","45.6","232.2","187.5","148.2","70.2","149.8","165","73.5",2013-07-01
"22.8","146.5","182.4","205.3","68.3","190.7","222.9","124.6","170.8","54.6","93.1","124.3","246.9","202","176.2","181.2","166.8","133.2","264.1","107.8","41.2","296.7","113.4","104.2","125","159.4","176.2","363.7","35.1","130.4","281.9","223.6","175.3","79.3","220.1","81.6","46","231.7","191.3","152","71.5","149.9","163.5","73.5",2013-10-01
"22.4","145","181.7","199.4","67.6","192.3","223.7","126.6","175.4","55.4","92","123.5","246.8","198.5","175.3","182.6","163.6","133.2","278.2","107.3","40","292.6","111.5","103","124.7","158.3","176.5","368.9","35.1","129.4","281.3","224.1","173.8","79.7","215.8","83.6","48.4","236.8","192.9","152.4","71","149.7","164.6","74.2",2014-01-01
"20.8","145.4","183.6","201.8","68.6","192.5","225.6","127.4","178.8","57.6","91.8","123.7","244.3","197.4","175.5","184.7","161.2","134.1","287.7","107","41.1","294.3","111.9","100.7","124.7","156.6","176.7","371.6","35.4","129.3","282.7","224.7","172.8","81","212.2","83.8","49.9","235","197.5","153.3","71.7","149.6","165.2","74.1",2014-04-01
"20.2","145.3","186.1","203.7","69.3","194.3","226.3","132","179.4","58.6","91.1","122.6","248.7","195","176","186","160","133.4","292.5","105.6","41.5","292.6","113.3","100.5","124.4","156.9","178.8","377.9","35.6","129.1","282.9","226.4","172.7","81.6","210","86.9","51.1","232.1","202.5","153.7","73.5","148.8","164.9","74.3",2014-07-01
"19.7","141.8","188.8","207","71","194.3","226.7","135.6","181.5","60.5","90.9","118.2","247.5","190","182.5","186.9","158.6","132.2","283.6","104.7","42.1","300.7","111.2","101.1","123","157.5","179.6","382.5","36.5","132.8","288.7","229.6","173.6","82.3","208.2","98.2","50.8","233","201.2","156","74.5","148.9","164.9","73.3",2014-10-01
"19.4","143.8","193","216.2","71.8","200.5","227.3","137.1","185.8","61.4","89.6","118.9","247.5","189.3","187.2","189.5","160.1","131.9","292.8","99.6","41.6","401.4","111.2","99.7","123.1","156.1","179.5","388.2","36.8","134","293.9","235.5","174.4","83.2","205.3","98.7","53.8","235.7","197.7","155.7","77.1","148.2","170.5","74.3",2015-01-01
"19.7","142.1","195.5","206.6","73","202.7","226.1","137.7","188.8","63.2","88.1","118.8","244.4","185.1","190.7","189.9","155.7","130.6","292.4","100","42.5","366","108.9","97.5","122.3","153.5","179.5","385","37.5","135.4","291.8","239.7","174.6","84.1","202.1","96.5","57.5","234.2","200.7","157","79.4","148.9","169.3","73.9",2015-04-01
"19.7","141.9","198.4","212.9","74.7","206.7","226.9","147","192.3","64.6","87.3","118.7","246.4","181.3","193.3","190.4","156","129.5","285.9","95.9","42.9","336.5","109.5","98.1","121.3","152.8","180.7","386.6","39.2","136.7","289.1","244.5","175.3","84.5","199.3","101.9","60.5","233","199.9","158.2","81.9","149","168.7","74.2",2015-07-01
"21.5","141.7","199.4","209","76","209.4","230.6","146.9","197.3","65.6","86.7","117.8","245.3","177.9","189.4","192.6","156","129.2","297.1","94.8","43.2","323","110.1","98","119","153.1","180.8","388.8","39.7","136.4","286.5","249.6","175.2","83.6","196.7","103.9","65.1","236.7","204.1","159.4","79.5","149","167.2","75.9",2015-10-01
"21.1","141.4","201","225.1","76.3","208.5","236.5","144","201.8","65.3","85.8","118.3","244.8","174.2","186.1","195","156.4","129.1","295.5","93.7","42.2","322.6","109.7","95","117.5","152.7","180.7","388.2","40.6","134.7","285","251.1","175.9","84.1","192.7","102.6","68.1","232","203.2","161.1","78.4","149.5","167.3","76.6",2016-01-01
"20.6","141.1","202.3","229.9","77","212.2","235.5","143.2","202.3","65.1","86.4","118.1","245.5","174.1","184.4","197.2","159.2","128.4","300.5","94.4","42.6","322.2","111.2","94.6","117.7","152.9","181.1","384.2","41.7","134.3","284.2","254.6","176","85","190.3","100.3","71.6","232.6","205.1","160.5","79.2","150.2","168","74.8",2016-04-01
"20.6","142.2","202.2","229.3","76.9","214.6","236.2","143.1","202.7","65","87.4","118.3","247.1","171.2","182","198.3","161.4","127","301.5","89.7","42.3","304","111","90.2","116.9","154","181.2","379.1","42.5","135","290.5","256.8","177.3","84.3","187.7","100.4","71.3","235","205.4","158.5","80.4","151.3","167.8","74.6",2016-07-01
"20.8","142.1","200.6","229.2","78.3","213.9","237.6","144.1","203.7","64.3","87.9","117.6","242.7","169.2","179.5","199.5","159.4","126.9","306.2","89.8","43.1","304.2","110.9","91.9","115","155.5","181.7","378.2","42.8","136.7","286.2","256.9","177.4","86.6","184.3","99.6","68.5","236.1","202.9","156.9","84.6","150.8","167","74.1",2016-10-01
"20.4","142.9","197.2","224","77.4","214.5","238.8","143.6","206.4","63.6","88.5","118.6","239.9","168.3","181.3","200.5","160.1","125.8","316.6","88","41.9","301.5","110.1","87.3","114.8","156","181.1","381.6","41.1","134.8","286.6","253","176.6","85.1","183.5","96.8","67.4","240.6","199.4","154.6","84.6","151","167.5","74.6",2017-01-01
"21.3","141.8","196.9","220.6","75.9","214.3","242.5","143.1","205.9","63.7","88.2","118.2","237","166.6","183.1","200.7","159.7","124.1","330.8","86.7","42.1","288.3","110.4","87.8","113.8","155.3","182.5","379.1","40.5","134","283.1","251.1","176.1","84.3","181.1","97.9","66.5","240","202.7","154.7","84.5","151.6","166","73.3",2017-04-01
"22.5","141.6","195.2","216","77.8","213.8","242.9","140.9","205.8","62.9","88.1","117.9","235.7","163.4","185.5","200.5","160.9","121.8","334.9","85.7","41.5","279.9","111.8","85.9","112","155.3","182.2","379.4","41.1","132","281.7","247.4","175","83.2","178.7","98.7","64.8","238.9","199.7","152.9","83.1","151.7","164.5","73.6",2017-07-01
"24.9","141.5","195.7","216.7","76.8","213.7","246.8","138.9","204.5","62.4","88.3","117.7","234.5","159.9","186.8","200.8","161.6","120.7","343.3","83.7","42","269.7","110.4","87.6","112.1","155.9","181.9","375.5","42.5","132.7","275.9","244.9","174.1","81.8","176.7","99.3","63.4","240.7","202.2","153.3","84","152.4","163.5","72.9",2017-10-01
"25.4","142.3","196.5","214","76.1","213.9","251.1","137.7","205.3","62.1","88.5","118.6","234.5","158.3","186.6","201.8","159.6","119.8","349.1","82.6","41.4","259.8","111.7","85.3","111.1","155.2","182.9","381.2","41.5","133.8","275.9","243.3","173.2","82.5","173.7","98.2","60.9","246.9","199","152.3","84.2","151.5","162.7","73.3",2018-01-01
"28.8","141.8","195.8","214.4","74.3","216","244.1","139.5","203.8","62","89.9","119.6","235.7","158.6","187.7","203","159.1","118.9","344.9","85.3","42.4","260.7","111.8","85.6","111.2","155.8","184.2","380.9","42.5","136.8","271.9","240.3","172.9","82.7","170.5","98.7","59.3","247","200.5","152.9","86.6","152.2","163.1","72.7",2018-04-01
"33.3","142","196.1","211","75.2","215.2","240.9","141.7","202.3","61.4","90.8","120.6","235.3","156.8","187.7","203.9","157","118.9","332.5","83.5","42.9","258.1","111.2","85.5","110.8","157.2","186.1","379.6","41.5","136.3","269.1","236.1","172.4","82.2","169.2","98.2","57.1","248","198.5","152.9","93.6","151.7","162.7","72.9",2018-07-01
"29","141.9","195.3","210.8","77.9","216.2","239.4","145.7","200.6","62","91.5","120","235.2","153.6","187.3","204.2","156.3","119.4","335.1","82.1","43.1","265.9","110.4","86.8","110.4","159.2","187.4","382","41.8","136.5","266","233.1","172.7","81.5","167.1","97.6","55.2","246.9","199.1","154.4","82.7","151.6","161.6","72.1",2018-10-01
"29.1","143","194.6","210.2","77.2","216.6","241.7","146","204.8","61.3","90","120.9","239","153.8","186.7","208.1","154.1","114.6","335.5","81.7","42.7","263.9","110.4","90","109.5","160","188.7","388.5","41.9","136.4","263.2","233.6","171.9","80.8","165.7","95.5","56.5","252","199.8","153.9","83.6","151.3","161.7","74.2",2019-01-01
"26.6","144","194.3","210.7","78.2","218.7","245.1","149.4","205","61.3","88.8","121.9","241.6","152.5","185.1","209.6","155.2","112.7","341.3","82.7","42.8","258.2","110.6","87.1","109.6","160.7","191.4","387.5","42.1","135.9","259.9","238.8","172.3","79.7","164.6","94.6","58.7","253.8","203","153.6","82","151.6","162.3","73.1",2019-04-01
"30.1","142","192.6","213.1","79.3","220.9","247.9","155.1","205.6","61.5","87.8","122","244.9","151.6","185","211.6","156.8","111","346","82.1","42.9","254","109.3","86.7","109.7","162","194","389.6","42.1","135.4","257","244.3","171.6","79.9","163.2","96.6","60","254.5","203.6","153.4","79.3","151.8","162.5","74",2019-07-01
"27.9","141.9","191.1","212.8","81.3","219.9","256.8","157.9","205.5","60.6","85.9","121.8","246.8","149.4","183.5","211.8","154.8","111","349.8","82.2","42.9","235.1","109.8","87.2","109.4","163.9","196.2","400.9","41.1","136.6","252.1","247.9","170.4","78.5","160.9","96.5","62.3","255.1","210.9","154.5","79.8","151.5","161.2","72.8",2019-10-01
"27","144.4","194.3","211.8","80.8","224","255.8","165.2","217.2","62.6","86","123.1","244.7","149.9","184.4","215.2","156.5","111.7","367.8","86.4","44.7","243.6","108.3","88.9","111","165.4","200.2","402.2","45.3","136.5","254.1","255.9","171.6","80.4","161.5","103.7","68.1","258.9","213.7","157.8","83.3","154.7","163.2","74.9",2020-01-01
"28.7","149.3","194.8","220.6","83.2","235.5","262.3","173.3","222.7","65.9","87.8","128.3","249","162.2","188.9","230.8","165","115.9","372.5","87.3","43.7","242.8","109.4","93","117","177","205.8","449.4","46.6","144.1","259.1","265.4","173.6","80.3","170.8","105.9","75.2","264","221.5","165","91.5","161.1","171.3","75.7",2020-04-01
"28.9","151.3","195.8","220.9","86.8","240.5","265.8","172.5","224.4","66.4","89","130.3","243.2","165.2","190.5","235.3","166.5","121.6","391.2","90.3","44.9","224.1","111.6","94.3","119.8","180.2","210.5","421.6","46.1","147.2","259.4","269.1","172.6","79.9","173.5","111.9","80.3","267","227.7","169.9","95.2","162.9","173.5","74.4",2020-07-01
"29.6","152.7","194.6","221.4","90.6","244.5","266.6","164.2","222.6","66.7","89.7","131.8","244","169.4","193.1","239.4","168.6","125.1","382.7","90.8","44.2","216.4","114.3","95.2","121.8","182.5","213.7","411.1","44.3","149.9","253.8","270.8","174","80.5","175.7","109.7","85.5","269.4","237.9","175.8","89.7","164.8","175.2","73.7",2020-10-01
"28.4","156.5","194","222.4","89.7","241","277.7","162","221","66.7","90.1","133.6","243.9","171.2","193.9","238.9","168.2","127.8","387.9","95.8","44.5","212.5","116.5","97","122.5","183.5","216.2","410.1","44.3","150.7","257.1","268.2","174.9","80","178.3","108.2","88.7","279.6","234","178.6","89","165.8","177.4","73.7",2021-01-01
"25.6","151.9","189.3","214","88.9","235","275.9","153.8","218.8","64.6","88.1","131.3","238.5","168.1","190.4","232.5","163.5","128.5","395.5","93.7","43.6","203.4","115.7","90.4","118.4","182.4","218.1","389.5","41.8","143.9","253.9","259","170.3","77.9","174.2","103.6","86.9","274.7","235.6","176.4","84.2","161.3","173","68.8",2021-04-01
"23.8","151.4","186.8","210.2","90.1","233.4","274","153.3","217.1","63","87.6","130.7","237.2","164.9","188.9","231.3","161.4","124.4","380.2","95.8","42.4","197","116.7","87.7","117.1","182.6","220.4","386","41.4","144.5","250.7","246.7","171.3","78","173.5","102.8","85.5","274","229","178.6","80.4","159.6","171.7","68.5",2021-07-01
